feature,importance,shap_mean_abs
snp_distance,0.30570530215549496,0.30570530215549496
embedding_cosine_sim,0.3035266458018586,0.034102488535699894
embedding_l2_dist,0.2838879328109987,0.012623265942894205
temporal_dist_days,0.034102488535699894,0.0007322063491820355
same_subcluster,0.03029501855249196,0.009600604053981655
same_base,0.016467137440276274,0.016467137440276274
epi_week_dist,0.012623265942894205,0.003059398357121603
same_barrack,0.009600604053981655,0.03029501855249196
same_import,0.003059398357121603,0.3035266458018586
same_flight,0.0007322063491820355,0.2838879328109987
