taxon_i,taxon_j,case_i,case_j,temporal_dist_days,epi_week_dist,same_flight,same_barrack,same_base,same_import,same_subcluster,cluster_i,cluster_j,is_linked,snp_distance
MVs_Virginia.USA_36.21_3,MVs_Wisconsin.USA_39.21_11,47.0,19.0,19,3,0,0,0,0,0,2.0,1.0,0,105
MVs_Virginia.USA_36.21_3,MVs_Wisconsin.USA_37.21,47.0,5.0,8,1,0,0,0,1,0,2.0,1.0,0,106
MVs_Virginia.USA_36.21_3,MVs_Wisconsin.USA_37.21_3,47.0,2.0,6,1,0,0,0,1,0,2.0,1.0,0,106
MVs_Virginia.USA_36.21_3,MVs_Wisconsin.USA_37.21_5,47.0,7.0,8,1,0,0,0,1,0,2.0,1.0,0,105
MVs_Virginia.USA_36.21_3,MVs_Wisconsin.USA_37.21_6,47.0,6.0,7,1,0,0,0,1,0,2.0,1.0,0,105
MVs_Virginia.USA_36.21_3,MVs_Wisconsin.USA_38.21,47.0,15.0,20,2,0,0,0,0,0,2.0,1.0,0,106
MVs_Virginia.USA_36.21_3,MVs_Wisconsin.USA_39.21_10,47.0,18.0,22,3,0,0,0,0,0,2.0,1.0,0,107
MVs_Virginia.USA_36.21_3,MVs_Wisconsin.USA_39.21_14,47.0,21.0,23,3,0,0,0,0,0,2.0,1.0,0,106
MVs_Virginia.USA_36.21_3,MVs_Wisconsin.USA_39.21_15,47.0,20.0,22,3,0,0,0,0,0,2.0,1.0,0,106
MVs_Virginia.USA_36.21_3,MVs_Wisconsin.USA_39.21_2,47.0,9.0,19,3,0,0,0,0,0,2.0,1.0,0,106
MVs_Virginia.USA_36.21_3,MVs_Wisconsin.USA_39.21_3,47.0,10.0,19,3,0,0,0,0,0,2.0,1.0,0,107
MVs_Virginia.USA_36.21_3,MVs_Wisconsin.USA_39.21_8_1,47.0,16.0,20,3,0,0,0,0,0,2.0,1.0,0,106
MVs_Virginia.USA_36.21_3,MVs_Wisconsin.USA_39.21_4,47.0,11.0,16,3,0,0,0,0,0,2.0,1.0,0,106
MVs_Virginia.USA_36.21_3,MVs_Wisconsin.USA_39.21_5,47.0,12.0,16,3,0,0,0,0,0,2.0,1.0,0,105
MVs_Virginia.USA_36.21_3,MVs_Wisconsin.USA_39.21_6,47.0,13.0,16,3,0,0,0,0,0,2.0,1.0,0,105
MVs_Virginia.USA_36.21_3,MVs_Wisconsin.USA_39.21_7,47.0,14.0,19,3,0,0,0,0,0,2.0,1.0,0,106
MVs_Virginia.USA_36.21_3,MVs_Wisconsin.USA_37.21_2,47.0,3.0,6,1,0,0,0,1,0,2.0,1.0,0,105
MVs_Virginia.USA_36.21_3,MVs_Wisconsin.USA_39.21,47.0,8.0,15,3,0,0,0,0,0,2.0,1.0,0,105
MVs_Virginia.USA_36.21_3,MVs_Wisconsin.USA_35.21,47.0,1.0,4,1,0,0,0,1,0,2.0,1.0,0,104
MVs_Virginia.USA_36.21_3,MVs_Wisconsin.USA_39.21_12,47.0,17.0,19,3,0,0,0,0,0,2.0,1.0,0,106
MVs_Virginia.USA_36.21_3,MVs_Wisconsin.USA_39.21_13,47.0,22.0,21,3,0,0,0,0,0,2.0,1.0,0,106
MVs_Virginia.USA_36.21_3,MVs_Wisconsin.USA_37.21_4,47.0,4.0,7,1,0,0,0,0,0,2.0,1.0,0,106
MVs_Virginia.USA_36.21_3,MVs_Virginia.USA_35.21_4,47.0,23.0,8,1,0,0,0,1,0,2.0,1.0,0,104
MVs_Virginia.USA_36.21_3,MVs_Virginia.USA_35.21_5,47.0,32.0,8,1,0,0,0,1,0,2.0,1.0,0,104
MVs_Virginia.USA_36.21_3,MVs_Virginia.USA_35.21_6,47.0,27.0,8,1,0,0,0,1,0,2.0,1.0,0,107
MVs_Virginia.USA_36.21_3,MVs_Virginia.USA_36.21,47.0,31.0,0,0,0,0,0,1,0,2.0,1.0,0,104
MVs_Virginia.USA_36.21_3,MVs_Virginia.USA_37.21,47.0,33.0,4,1,0,0,0,1,0,2.0,1.0,0,104
MVs_Virginia.USA_36.21_3,MVs_Virginia.USA_36.21_2,47.0,25.0,6,0,0,0,0,1,0,2.0,1.0,0,105
MVs_Virginia.USA_36.21_3,MVs_Virginia.USA_36.21_4,47.0,29.0,6,0,0,0,0,1,0,2.0,3.0,0,100
MVs_Virginia.USA_36.21_3,MVs_Virginia.USA_36.21_5,47.0,30.0,1,0,0,0,0,1,0,2.0,2.0,1,104
MVs_Virginia.USA_36.21_3,MVs_Virginia.USA_37.21_2,47.0,28.0,10,1,0,0,0,1,1,2.0,2.0,1,0
MVs_Virginia.USA_36.21_3,MVs_NewMexico.USA_38.21,47.0,45.0,8,2,0,0,0,1,0,2.0,1.0,0,107
MVs_Virginia.USA_36.21_3,MVs_Virginia.USA_35.21,47.0,24.0,1,1,0,0,0,1,1,2.0,2.0,1,0
MVs_Virginia.USA_36.21_3,MVs_Virginia.USA_40.21_3,47.0,40.0,29,4,0,0,0,0,1,2.0,2.0,1,0
MVs_Virginia.USA_36.21_3,MVs_Virginia.USA_39.21_2,47.0,41.0,33,3,0,0,0,0,1,2.0,2.0,1,0
MVs_Virginia.USA_36.21_3,MVs_Virginia.USA_39.21_4,47.0,39.0,22,3,0,0,0,0,1,2.0,2.0,1,0
MVs_Virginia.USA_36.21_3,MVs_Virginia.USA_41.21,47.0,42.0,37,5,0,0,0,0,1,2.0,2.0,1,0
MVs_Virginia.USA_36.21_3,MVs_Virginia.USA_40.21,47.0,43.0,37,4,0,0,0,0,0,2.0,1.0,0,105
MVs_Virginia.USA_36.21_3,MVs_Virginia.USA_38.21,47.0,36.0,22,2,0,0,0,0,0,2.0,1.0,0,104
MVs_Virginia.USA_36.21_3,MVs_Virginia.USA_39.21,47.0,35.0,23,3,0,0,0,0,0,2.0,1.0,0,105
MVs_Virginia.USA_36.21_3,MVs_Virginia.USA_40.21_2,47.0,38.0,25,4,0,0,0,0,1,2.0,2.0,1,0
MVs_Virginia.USA_36.21_3,MVs_Virginia.USA_39.21_3,47.0,37.0,25,3,0,0,0,0,0,2.0,1.0,0,104
MVs_Wisconsin.USA_39.21_11,MVs_Wisconsin.USA_37.21,19.0,5.0,11,2,0,0,1,0,0,1.0,1.0,1,1
MVs_Wisconsin.USA_39.21_11,MVs_Wisconsin.USA_37.21_3,19.0,2.0,13,2,0,0,1,0,1,1.0,1.0,1,1
MVs_Wisconsin.USA_39.21_11,MVs_Wisconsin.USA_37.21_5,19.0,7.0,11,2,0,0,1,0,1,1.0,1.0,1,0
MVs_Wisconsin.USA_39.21_11,MVs_Wisconsin.USA_37.21_6,19.0,6.0,12,2,0,0,1,0,0,1.0,1.0,1,0
MVs_Wisconsin.USA_39.21_11,MVs_Wisconsin.USA_38.21,19.0,15.0,1,1,0,0,1,1,0,1.0,1.0,1,1
MVs_Wisconsin.USA_39.21_11,MVs_Wisconsin.USA_39.21_10,19.0,18.0,3,0,0,0,1,1,0,1.0,1.0,1,2
MVs_Wisconsin.USA_39.21_11,MVs_Wisconsin.USA_39.21_14,19.0,21.0,4,0,0,0,1,1,0,1.0,1.0,1,1
MVs_Wisconsin.USA_39.21_11,MVs_Wisconsin.USA_39.21_15,19.0,20.0,3,0,0,0,1,1,0,1.0,1.0,1,1
MVs_Wisconsin.USA_39.21_11,MVs_Wisconsin.USA_39.21_2,19.0,9.0,0,0,0,0,1,1,0,1.0,1.0,1,1
MVs_Wisconsin.USA_39.21_11,MVs_Wisconsin.USA_39.21_3,19.0,10.0,0,0,0,0,1,1,0,1.0,1.0,1,2
MVs_Wisconsin.USA_39.21_11,MVs_Wisconsin.USA_39.21_8_1,19.0,16.0,1,0,0,0,1,1,0,1.0,1.0,1,1
MVs_Wisconsin.USA_39.21_11,MVs_Wisconsin.USA_39.21_4,19.0,11.0,3,0,0,0,1,1,1,1.0,1.0,1,1
MVs_Wisconsin.USA_39.21_11,MVs_Wisconsin.USA_39.21_5,19.0,12.0,3,0,0,0,1,1,1,1.0,1.0,1,0
MVs_Wisconsin.USA_39.21_11,MVs_Wisconsin.USA_39.21_6,19.0,13.0,3,0,0,0,1,1,1,1.0,1.0,1,0
MVs_Wisconsin.USA_39.21_11,MVs_Wisconsin.USA_39.21_7,19.0,14.0,0,0,0,0,1,1,1,1.0,1.0,1,1
MVs_Wisconsin.USA_39.21_11,MVs_Wisconsin.USA_37.21_2,19.0,3.0,13,2,0,0,1,0,1,1.0,1.0,1,0
MVs_Wisconsin.USA_39.21_11,MVs_Wisconsin.USA_39.21,19.0,8.0,4,0,0,0,1,1,1,1.0,1.0,1,0
MVs_Wisconsin.USA_39.21_11,MVs_Wisconsin.USA_35.21,19.0,1.0,23,4,0,0,1,0,0,1.0,1.0,1,1
MVs_Wisconsin.USA_39.21_11,MVs_Wisconsin.USA_39.21_12,19.0,17.0,0,0,0,0,1,1,1,1.0,1.0,1,1
MVs_Wisconsin.USA_39.21_11,MVs_Wisconsin.USA_39.21_13,19.0,22.0,2,0,0,0,1,1,0,1.0,1.0,1,1
MVs_Wisconsin.USA_39.21_11,MVs_Wisconsin.USA_37.21_4,19.0,4.0,12,2,0,0,1,1,0,1.0,1.0,1,3
MVs_Wisconsin.USA_39.21_11,MVs_Virginia.USA_35.21_4,19.0,23.0,11,4,0,0,0,0,0,1.0,1.0,1,1
MVs_Wisconsin.USA_39.21_11,MVs_Virginia.USA_35.21_5,19.0,32.0,11,4,0,0,0,0,0,1.0,1.0,1,1
MVs_Wisconsin.USA_39.21_11,MVs_Virginia.USA_35.21_6,19.0,27.0,11,4,0,0,0,0,0,1.0,1.0,1,4
MVs_Wisconsin.USA_39.21_11,MVs_Virginia.USA_36.21,19.0,31.0,19,3,0,0,0,0,0,1.0,1.0,1,1
MVs_Wisconsin.USA_39.21_11,MVs_Virginia.USA_37.21,19.0,33.0,15,2,0,0,0,0,0,1.0,1.0,1,1
MVs_Wisconsin.USA_39.21_11,MVs_Virginia.USA_36.21_2,19.0,25.0,25,3,0,0,0,0,0,1.0,1.0,1,2
MVs_Wisconsin.USA_39.21_11,MVs_Virginia.USA_36.21_4,19.0,29.0,13,3,0,0,0,0,0,1.0,3.0,0,36
MVs_Wisconsin.USA_39.21_11,MVs_Virginia.USA_36.21_5,19.0,30.0,20,3,0,0,0,0,0,1.0,2.0,0,1
MVs_Wisconsin.USA_39.21_11,MVs_Virginia.USA_37.21_2,19.0,28.0,9,2,0,0,0,0,0,1.0,2.0,0,105
MVs_Wisconsin.USA_39.21_11,MVs_NewMexico.USA_38.21,19.0,45.0,11,1,0,0,0,0,0,1.0,1.0,1,2
MVs_Wisconsin.USA_39.21_11,MVs_Virginia.USA_35.21,19.0,24.0,20,4,0,0,0,0,0,1.0,2.0,0,105
MVs_Wisconsin.USA_39.21_11,MVs_Virginia.USA_40.21_3,19.0,40.0,10,1,0,0,0,1,0,1.0,2.0,0,105
MVs_Wisconsin.USA_39.21_11,MVs_Virginia.USA_39.21_2,19.0,41.0,14,0,0,0,0,1,0,1.0,2.0,0,105
MVs_Wisconsin.USA_39.21_11,MVs_Virginia.USA_39.21_4,19.0,39.0,3,0,0,0,0,1,0,1.0,2.0,0,105
MVs_Wisconsin.USA_39.21_11,MVs_Virginia.USA_41.21,19.0,42.0,18,2,0,0,0,1,0,1.0,2.0,0,105
MVs_Wisconsin.USA_39.21_11,MVs_Virginia.USA_40.21,19.0,43.0,18,1,0,0,0,1,0,1.0,1.0,1,2
MVs_Wisconsin.USA_39.21_11,MVs_Virginia.USA_38.21,19.0,36.0,3,1,0,0,0,1,0,1.0,1.0,1,1
MVs_Wisconsin.USA_39.21_11,MVs_Virginia.USA_39.21,19.0,35.0,4,0,0,0,0,1,1,1.0,1.0,1,0
MVs_Wisconsin.USA_39.21_11,MVs_Virginia.USA_40.21_2,19.0,38.0,6,1,0,0,0,1,0,1.0,2.0,0,105
MVs_Wisconsin.USA_39.21_11,MVs_Virginia.USA_39.21_3,19.0,37.0,6,0,0,0,0,1,0,1.0,1.0,1,1
MVs_Wisconsin.USA_37.21,MVs_Wisconsin.USA_37.21_3,5.0,2.0,2,0,1,1,1,1,0,1.0,1.0,1,2
MVs_Wisconsin.USA_37.21,MVs_Wisconsin.USA_37.21_5,5.0,7.0,0,0,1,1,1,1,0,1.0,1.0,1,1
MVs_Wisconsin.USA_37.21,MVs_Wisconsin.USA_37.21_6,5.0,6.0,1,0,1,1,1,1,0,1.0,1.0,1,1
MVs_Wisconsin.USA_37.21,MVs_Wisconsin.USA_38.21,5.0,15.0,12,1,1,1,1,0,0,1.0,1.0,1,0
MVs_Wisconsin.USA_37.21,MVs_Wisconsin.USA_39.21_10,5.0,18.0,14,2,0,1,1,0,1,1.0,1.0,1,1
MVs_Wisconsin.USA_37.21,MVs_Wisconsin.USA_39.21_14,5.0,21.0,15,2,0,1,1,0,1,1.0,1.0,1,0
MVs_Wisconsin.USA_37.21,MVs_Wisconsin.USA_39.21_15,5.0,20.0,14,2,0,1,1,0,1,1.0,1.0,1,0
MVs_Wisconsin.USA_37.21,MVs_Wisconsin.USA_39.21_2,5.0,9.0,11,2,0,1,1,0,1,1.0,1.0,1,0
MVs_Wisconsin.USA_37.21,MVs_Wisconsin.USA_39.21_3,5.0,10.0,11,2,0,1,1,0,1,1.0,1.0,1,1
MVs_Wisconsin.USA_37.21,MVs_Wisconsin.USA_39.21_8_1,5.0,16.0,12,2,0,1,1,0,1,1.0,1.0,1,0
MVs_Wisconsin.USA_37.21,MVs_Wisconsin.USA_39.21_4,5.0,11.0,8,2,0,1,1,0,0,1.0,1.0,1,2
MVs_Wisconsin.USA_37.21,MVs_Wisconsin.USA_39.21_5,5.0,12.0,8,2,0,1,1,0,0,1.0,1.0,1,1
MVs_Wisconsin.USA_37.21,MVs_Wisconsin.USA_39.21_6,5.0,13.0,8,2,0,1,1,0,0,1.0,1.0,1,1
MVs_Wisconsin.USA_37.21,MVs_Wisconsin.USA_39.21_7,5.0,14.0,11,2,0,1,1,0,0,1.0,1.0,1,2
MVs_Wisconsin.USA_37.21,MVs_Wisconsin.USA_37.21_2,5.0,3.0,2,0,1,0,1,1,0,1.0,1.0,1,1
MVs_Wisconsin.USA_37.21,MVs_Wisconsin.USA_39.21,5.0,8.0,7,2,0,0,1,0,0,1.0,1.0,1,1
MVs_Wisconsin.USA_37.21,MVs_Wisconsin.USA_35.21,5.0,1.0,12,2,0,0,1,1,0,1.0,1.0,1,2
MVs_Wisconsin.USA_37.21,MVs_Wisconsin.USA_39.21_12,5.0,17.0,11,2,0,0,1,0,0,1.0,1.0,1,2
MVs_Wisconsin.USA_37.21,MVs_Wisconsin.USA_39.21_13,5.0,22.0,13,2,0,0,1,0,1,1.0,1.0,1,0
MVs_Wisconsin.USA_37.21,MVs_Wisconsin.USA_37.21_4,5.0,4.0,1,0,0,0,1,0,0,1.0,1.0,1,4
MVs_Wisconsin.USA_37.21,MVs_Virginia.USA_35.21_4,5.0,23.0,0,2,0,0,0,1,0,1.0,1.0,1,2
MVs_Wisconsin.USA_37.21,MVs_Virginia.USA_35.21_5,5.0,32.0,0,2,0,0,0,1,0,1.0,1.0,1,2
MVs_Wisconsin.USA_37.21,MVs_Virginia.USA_35.21_6,5.0,27.0,0,2,0,0,0,1,0,1.0,1.0,1,5
MVs_Wisconsin.USA_37.21,MVs_Virginia.USA_36.21,5.0,31.0,8,1,0,0,0,1,0,1.0,1.0,1,2
MVs_Wisconsin.USA_37.21,MVs_Virginia.USA_37.21,5.0,33.0,4,0,0,0,0,1,0,1.0,1.0,1,2
MVs_Wisconsin.USA_37.21,MVs_Virginia.USA_36.21_2,5.0,25.0,14,1,0,0,0,1,0,1.0,1.0,1,3
MVs_Wisconsin.USA_37.21,MVs_Virginia.USA_36.21_4,5.0,29.0,2,1,0,0,0,1,0,1.0,3.0,0,37
MVs_Wisconsin.USA_37.21,MVs_Virginia.USA_36.21_5,5.0,30.0,9,1,0,0,0,1,0,1.0,2.0,0,2
MVs_Wisconsin.USA_37.21,MVs_Virginia.USA_37.21_2,5.0,28.0,2,0,0,0,0,1,0,1.0,2.0,0,106
MVs_Wisconsin.USA_37.21,MVs_NewMexico.USA_38.21,5.0,45.0,0,1,0,0,0,1,1,1.0,1.0,1,1
MVs_Wisconsin.USA_37.21,MVs_Virginia.USA_35.21,5.0,24.0,9,2,0,0,0,1,0,1.0,2.0,0,106
MVs_Wisconsin.USA_37.21,MVs_Virginia.USA_40.21_3,5.0,40.0,21,3,0,0,0,0,0,1.0,2.0,0,106
MVs_Wisconsin.USA_37.21,MVs_Virginia.USA_39.21_2,5.0,41.0,25,2,0,0,0,0,0,1.0,2.0,0,106
MVs_Wisconsin.USA_37.21,MVs_Virginia.USA_39.21_4,5.0,39.0,14,2,0,0,0,0,0,1.0,2.0,0,106
MVs_Wisconsin.USA_37.21,MVs_Virginia.USA_41.21,5.0,42.0,29,4,0,0,0,0,0,1.0,2.0,0,106
MVs_Wisconsin.USA_37.21,MVs_Virginia.USA_40.21,5.0,43.0,29,3,0,0,0,0,0,1.0,1.0,1,3
MVs_Wisconsin.USA_37.21,MVs_Virginia.USA_38.21,5.0,36.0,14,1,0,0,0,0,0,1.0,1.0,1,2
MVs_Wisconsin.USA_37.21,MVs_Virginia.USA_39.21,5.0,35.0,15,2,0,0,0,0,0,1.0,1.0,1,1
MVs_Wisconsin.USA_37.21,MVs_Virginia.USA_40.21_2,5.0,38.0,17,3,0,0,0,0,0,1.0,2.0,0,106
MVs_Wisconsin.USA_37.21,MVs_Virginia.USA_39.21_3,5.0,37.0,17,2,0,0,0,0,0,1.0,1.0,1,2
MVs_Wisconsin.USA_37.21_3,MVs_Wisconsin.USA_37.21_5,2.0,7.0,2,0,1,1,1,1,1,1.0,1.0,1,1
MVs_Wisconsin.USA_37.21_3,MVs_Wisconsin.USA_37.21_6,2.0,6.0,1,0,1,1,1,1,0,1.0,1.0,1,1
MVs_Wisconsin.USA_37.21_3,MVs_Wisconsin.USA_38.21,2.0,15.0,14,1,1,1,1,0,0,1.0,1.0,1,2
MVs_Wisconsin.USA_37.21_3,MVs_Wisconsin.USA_39.21_10,2.0,18.0,16,2,0,1,1,0,0,1.0,1.0,1,3
MVs_Wisconsin.USA_37.21_3,MVs_Wisconsin.USA_39.21_14,2.0,21.0,17,2,0,1,1,0,0,1.0,1.0,1,2
MVs_Wisconsin.USA_37.21_3,MVs_Wisconsin.USA_39.21_15,2.0,20.0,16,2,0,1,1,0,0,1.0,1.0,1,2
MVs_Wisconsin.USA_37.21_3,MVs_Wisconsin.USA_39.21_2,2.0,9.0,13,2,0,1,1,0,0,1.0,1.0,1,2
MVs_Wisconsin.USA_37.21_3,MVs_Wisconsin.USA_39.21_3,2.0,10.0,13,2,0,1,1,0,0,1.0,1.0,1,3
MVs_Wisconsin.USA_37.21_3,MVs_Wisconsin.USA_39.21_8_1,2.0,16.0,14,2,0,1,1,0,0,1.0,1.0,1,2
MVs_Wisconsin.USA_37.21_3,MVs_Wisconsin.USA_39.21_4,2.0,11.0,10,2,0,1,1,0,1,1.0,1.0,1,2
MVs_Wisconsin.USA_37.21_3,MVs_Wisconsin.USA_39.21_5,2.0,12.0,10,2,0,1,1,0,1,1.0,1.0,1,1
MVs_Wisconsin.USA_37.21_3,MVs_Wisconsin.USA_39.21_6,2.0,13.0,10,2,0,1,1,0,1,1.0,1.0,1,1
MVs_Wisconsin.USA_37.21_3,MVs_Wisconsin.USA_39.21_7,2.0,14.0,13,2,0,1,1,0,1,1.0,1.0,1,2
MVs_Wisconsin.USA_37.21_3,MVs_Wisconsin.USA_37.21_2,2.0,3.0,0,0,1,0,1,1,1,1.0,1.0,1,1
MVs_Wisconsin.USA_37.21_3,MVs_Wisconsin.USA_39.21,2.0,8.0,9,2,0,0,1,0,1,1.0,1.0,1,1
MVs_Wisconsin.USA_37.21_3,MVs_Wisconsin.USA_35.21,2.0,1.0,10,2,0,0,1,1,0,1.0,1.0,1,2
MVs_Wisconsin.USA_37.21_3,MVs_Wisconsin.USA_39.21_12,2.0,17.0,13,2,0,0,1,0,1,1.0,1.0,1,2
MVs_Wisconsin.USA_37.21_3,MVs_Wisconsin.USA_39.21_13,2.0,22.0,15,2,0,0,1,0,0,1.0,1.0,1,2
MVs_Wisconsin.USA_37.21_3,MVs_Wisconsin.USA_37.21_4,2.0,4.0,1,0,0,0,1,0,0,1.0,1.0,1,4
MVs_Wisconsin.USA_37.21_3,MVs_Virginia.USA_35.21_4,2.0,23.0,2,2,0,0,0,1,0,1.0,1.0,1,2
MVs_Wisconsin.USA_37.21_3,MVs_Virginia.USA_35.21_5,2.0,32.0,2,2,0,0,0,1,0,1.0,1.0,1,2
MVs_Wisconsin.USA_37.21_3,MVs_Virginia.USA_35.21_6,2.0,27.0,2,2,0,0,0,1,0,1.0,1.0,1,5
MVs_Wisconsin.USA_37.21_3,MVs_Virginia.USA_36.21,2.0,31.0,6,1,0,0,0,1,0,1.0,1.0,1,2
MVs_Wisconsin.USA_37.21_3,MVs_Virginia.USA_37.21,2.0,33.0,2,0,0,0,0,1,0,1.0,1.0,1,2
MVs_Wisconsin.USA_37.21_3,MVs_Virginia.USA_36.21_2,2.0,25.0,12,1,0,0,0,1,0,1.0,1.0,1,3
MVs_Wisconsin.USA_37.21_3,MVs_Virginia.USA_36.21_4,2.0,29.0,0,1,0,0,0,1,0,1.0,3.0,0,37
MVs_Wisconsin.USA_37.21_3,MVs_Virginia.USA_36.21_5,2.0,30.0,7,1,0,0,0,1,0,1.0,2.0,0,2
MVs_Wisconsin.USA_37.21_3,MVs_Virginia.USA_37.21_2,2.0,28.0,4,0,0,0,0,1,0,1.0,2.0,0,106
MVs_Wisconsin.USA_37.21_3,MVs_NewMexico.USA_38.21,2.0,45.0,2,1,0,0,0,1,0,1.0,1.0,1,3
MVs_Wisconsin.USA_37.21_3,MVs_Virginia.USA_35.21,2.0,24.0,7,2,0,0,0,1,0,1.0,2.0,0,106
MVs_Wisconsin.USA_37.21_3,MVs_Virginia.USA_40.21_3,2.0,40.0,23,3,0,0,0,0,0,1.0,2.0,0,106
MVs_Wisconsin.USA_37.21_3,MVs_Virginia.USA_39.21_2,2.0,41.0,27,2,0,0,0,0,0,1.0,2.0,0,106
MVs_Wisconsin.USA_37.21_3,MVs_Virginia.USA_39.21_4,2.0,39.0,16,2,0,0,0,0,0,1.0,2.0,0,106
MVs_Wisconsin.USA_37.21_3,MVs_Virginia.USA_41.21,2.0,42.0,31,4,0,0,0,0,0,1.0,2.0,0,106
MVs_Wisconsin.USA_37.21_3,MVs_Virginia.USA_40.21,2.0,43.0,31,3,0,0,0,0,0,1.0,1.0,1,3
MVs_Wisconsin.USA_37.21_3,MVs_Virginia.USA_38.21,2.0,36.0,16,1,0,0,0,0,0,1.0,1.0,1,2
MVs_Wisconsin.USA_37.21_3,MVs_Virginia.USA_39.21,2.0,35.0,17,2,0,0,0,0,1,1.0,1.0,1,1
MVs_Wisconsin.USA_37.21_3,MVs_Virginia.USA_40.21_2,2.0,38.0,19,3,0,0,0,0,0,1.0,2.0,0,106
MVs_Wisconsin.USA_37.21_3,MVs_Virginia.USA_39.21_3,2.0,37.0,19,2,0,0,0,0,0,1.0,1.0,1,2
MVs_Wisconsin.USA_37.21_5,MVs_Wisconsin.USA_37.21_6,7.0,6.0,1,0,1,1,1,1,0,1.0,1.0,1,0
MVs_Wisconsin.USA_37.21_5,MVs_Wisconsin.USA_38.21,7.0,15.0,12,1,1,1,1,0,0,1.0,1.0,1,1
MVs_Wisconsin.USA_37.21_5,MVs_Wisconsin.USA_39.21_10,7.0,18.0,14,2,0,1,1,0,0,1.0,1.0,1,2
MVs_Wisconsin.USA_37.21_5,MVs_Wisconsin.USA_39.21_14,7.0,21.0,15,2,0,1,1,0,0,1.0,1.0,1,1
MVs_Wisconsin.USA_37.21_5,MVs_Wisconsin.USA_39.21_15,7.0,20.0,14,2,0,1,1,0,0,1.0,1.0,1,1
MVs_Wisconsin.USA_37.21_5,MVs_Wisconsin.USA_39.21_2,7.0,9.0,11,2,0,1,1,0,0,1.0,1.0,1,1
MVs_Wisconsin.USA_37.21_5,MVs_Wisconsin.USA_39.21_3,7.0,10.0,11,2,0,1,1,0,0,1.0,1.0,1,2
MVs_Wisconsin.USA_37.21_5,MVs_Wisconsin.USA_39.21_8_1,7.0,16.0,12,2,0,1,1,0,0,1.0,1.0,1,1
MVs_Wisconsin.USA_37.21_5,MVs_Wisconsin.USA_39.21_4,7.0,11.0,8,2,0,1,1,0,1,1.0,1.0,1,1
MVs_Wisconsin.USA_37.21_5,MVs_Wisconsin.USA_39.21_5,7.0,12.0,8,2,0,1,1,0,1,1.0,1.0,1,0
MVs_Wisconsin.USA_37.21_5,MVs_Wisconsin.USA_39.21_6,7.0,13.0,8,2,0,1,1,0,1,1.0,1.0,1,0
MVs_Wisconsin.USA_37.21_5,MVs_Wisconsin.USA_39.21_7,7.0,14.0,11,2,0,1,1,0,1,1.0,1.0,1,1
MVs_Wisconsin.USA_37.21_5,MVs_Wisconsin.USA_37.21_2,7.0,3.0,2,0,1,0,1,1,1,1.0,1.0,1,0
MVs_Wisconsin.USA_37.21_5,MVs_Wisconsin.USA_39.21,7.0,8.0,7,2,0,0,1,0,1,1.0,1.0,1,0
MVs_Wisconsin.USA_37.21_5,MVs_Wisconsin.USA_35.21,7.0,1.0,12,2,0,0,1,1,0,1.0,1.0,1,1
MVs_Wisconsin.USA_37.21_5,MVs_Wisconsin.USA_39.21_12,7.0,17.0,11,2,0,0,1,0,1,1.0,1.0,1,1
MVs_Wisconsin.USA_37.21_5,MVs_Wisconsin.USA_39.21_13,7.0,22.0,13,2,0,0,1,0,0,1.0,1.0,1,1
MVs_Wisconsin.USA_37.21_5,MVs_Wisconsin.USA_37.21_4,7.0,4.0,1,0,0,0,1,0,0,1.0,1.0,1,3
MVs_Wisconsin.USA_37.21_5,MVs_Virginia.USA_35.21_4,7.0,23.0,0,2,0,0,0,1,0,1.0,1.0,1,1
MVs_Wisconsin.USA_37.21_5,MVs_Virginia.USA_35.21_5,7.0,32.0,0,2,0,0,0,1,0,1.0,1.0,1,1
MVs_Wisconsin.USA_37.21_5,MVs_Virginia.USA_35.21_6,7.0,27.0,0,2,0,0,0,1,0,1.0,1.0,1,4
MVs_Wisconsin.USA_37.21_5,MVs_Virginia.USA_36.21,7.0,31.0,8,1,0,0,0,1,0,1.0,1.0,1,1
MVs_Wisconsin.USA_37.21_5,MVs_Virginia.USA_37.21,7.0,33.0,4,0,0,0,0,1,0,1.0,1.0,1,1
MVs_Wisconsin.USA_37.21_5,MVs_Virginia.USA_36.21_2,7.0,25.0,14,1,0,0,0,1,0,1.0,1.0,1,2
MVs_Wisconsin.USA_37.21_5,MVs_Virginia.USA_36.21_4,7.0,29.0,2,1,0,0,0,1,0,1.0,3.0,0,36
MVs_Wisconsin.USA_37.21_5,MVs_Virginia.USA_36.21_5,7.0,30.0,9,1,0,0,0,1,0,1.0,2.0,0,1
MVs_Wisconsin.USA_37.21_5,MVs_Virginia.USA_37.21_2,7.0,28.0,2,0,0,0,0,1,0,1.0,2.0,0,105
MVs_Wisconsin.USA_37.21_5,MVs_NewMexico.USA_38.21,7.0,45.0,0,1,0,0,0,1,0,1.0,1.0,1,1
MVs_Wisconsin.USA_37.21_5,MVs_Virginia.USA_35.21,7.0,24.0,9,2,0,0,0,1,0,1.0,2.0,0,105
MVs_Wisconsin.USA_37.21_5,MVs_Virginia.USA_40.21_3,7.0,40.0,21,3,0,0,0,0,0,1.0,2.0,0,105
MVs_Wisconsin.USA_37.21_5,MVs_Virginia.USA_39.21_2,7.0,41.0,25,2,0,0,0,0,0,1.0,2.0,0,105
MVs_Wisconsin.USA_37.21_5,MVs_Virginia.USA_39.21_4,7.0,39.0,14,2,0,0,0,0,0,1.0,2.0,0,105
MVs_Wisconsin.USA_37.21_5,MVs_Virginia.USA_41.21,7.0,42.0,29,4,0,0,0,0,0,1.0,2.0,0,105
MVs_Wisconsin.USA_37.21_5,MVs_Virginia.USA_40.21,7.0,43.0,29,3,0,0,0,0,0,1.0,1.0,1,2
MVs_Wisconsin.USA_37.21_5,MVs_Virginia.USA_38.21,7.0,36.0,14,1,0,0,0,0,0,1.0,1.0,1,1
MVs_Wisconsin.USA_37.21_5,MVs_Virginia.USA_39.21,7.0,35.0,15,2,0,0,0,0,1,1.0,1.0,1,0
MVs_Wisconsin.USA_37.21_5,MVs_Virginia.USA_40.21_2,7.0,38.0,17,3,0,0,0,0,0,1.0,2.0,0,105
MVs_Wisconsin.USA_37.21_5,MVs_Virginia.USA_39.21_3,7.0,37.0,17,2,0,0,0,0,0,1.0,1.0,1,1
MVs_Wisconsin.USA_37.21_6,MVs_Wisconsin.USA_38.21,6.0,15.0,13,1,1,1,1,0,0,1.0,1.0,1,1
MVs_Wisconsin.USA_37.21_6,MVs_Wisconsin.USA_39.21_10,6.0,18.0,15,2,0,1,1,0,0,1.0,1.0,1,2
MVs_Wisconsin.USA_37.21_6,MVs_Wisconsin.USA_39.21_14,6.0,21.0,16,2,0,1,1,0,0,1.0,1.0,1,1
MVs_Wisconsin.USA_37.21_6,MVs_Wisconsin.USA_39.21_15,6.0,20.0,15,2,0,1,1,0,0,1.0,1.0,1,1
MVs_Wisconsin.USA_37.21_6,MVs_Wisconsin.USA_39.21_2,6.0,9.0,12,2,0,1,1,0,0,1.0,1.0,1,1
MVs_Wisconsin.USA_37.21_6,MVs_Wisconsin.USA_39.21_3,6.0,10.0,12,2,0,1,1,0,0,1.0,1.0,1,2
MVs_Wisconsin.USA_37.21_6,MVs_Wisconsin.USA_39.21_8_1,6.0,16.0,13,2,0,1,1,0,0,1.0,1.0,1,1
MVs_Wisconsin.USA_37.21_6,MVs_Wisconsin.USA_39.21_4,6.0,11.0,9,2,0,1,1,0,0,1.0,1.0,1,1
MVs_Wisconsin.USA_37.21_6,MVs_Wisconsin.USA_39.21_5,6.0,12.0,9,2,0,1,1,0,0,1.0,1.0,1,0
MVs_Wisconsin.USA_37.21_6,MVs_Wisconsin.USA_39.21_6,6.0,13.0,9,2,0,1,1,0,0,1.0,1.0,1,0
MVs_Wisconsin.USA_37.21_6,MVs_Wisconsin.USA_39.21_7,6.0,14.0,12,2,0,1,1,0,0,1.0,1.0,1,1
MVs_Wisconsin.USA_37.21_6,MVs_Wisconsin.USA_37.21_2,6.0,3.0,1,0,1,0,1,1,0,1.0,1.0,1,0
MVs_Wisconsin.USA_37.21_6,MVs_Wisconsin.USA_39.21,6.0,8.0,8,2,0,0,1,0,0,1.0,1.0,1,0
MVs_Wisconsin.USA_37.21_6,MVs_Wisconsin.USA_35.21,6.0,1.0,11,2,0,0,1,1,0,1.0,1.0,1,1
MVs_Wisconsin.USA_37.21_6,MVs_Wisconsin.USA_39.21_12,6.0,17.0,12,2,0,0,1,0,0,1.0,1.0,1,1
MVs_Wisconsin.USA_37.21_6,MVs_Wisconsin.USA_39.21_13,6.0,22.0,14,2,0,0,1,0,0,1.0,1.0,1,1
MVs_Wisconsin.USA_37.21_6,MVs_Wisconsin.USA_37.21_4,6.0,4.0,0,0,0,0,1,0,0,1.0,1.0,1,3
MVs_Wisconsin.USA_37.21_6,MVs_Virginia.USA_35.21_4,6.0,23.0,1,2,0,0,0,1,0,1.0,1.0,1,1
MVs_Wisconsin.USA_37.21_6,MVs_Virginia.USA_35.21_5,6.0,32.0,1,2,0,0,0,1,0,1.0,1.0,1,1
MVs_Wisconsin.USA_37.21_6,MVs_Virginia.USA_35.21_6,6.0,27.0,1,2,0,0,0,1,0,1.0,1.0,1,4
MVs_Wisconsin.USA_37.21_6,MVs_Virginia.USA_36.21,6.0,31.0,7,1,0,0,0,1,0,1.0,1.0,1,1
MVs_Wisconsin.USA_37.21_6,MVs_Virginia.USA_37.21,6.0,33.0,3,0,0,0,0,1,0,1.0,1.0,1,1
MVs_Wisconsin.USA_37.21_6,MVs_Virginia.USA_36.21_2,6.0,25.0,13,1,0,0,0,1,0,1.0,1.0,1,2
MVs_Wisconsin.USA_37.21_6,MVs_Virginia.USA_36.21_4,6.0,29.0,1,1,0,0,0,1,0,1.0,3.0,0,36
MVs_Wisconsin.USA_37.21_6,MVs_Virginia.USA_36.21_5,6.0,30.0,8,1,0,0,0,1,0,1.0,2.0,0,1
MVs_Wisconsin.USA_37.21_6,MVs_Virginia.USA_37.21_2,6.0,28.0,3,0,0,0,0,1,0,1.0,2.0,0,105
MVs_Wisconsin.USA_37.21_6,MVs_NewMexico.USA_38.21,6.0,45.0,1,1,0,0,0,1,0,1.0,1.0,1,2
MVs_Wisconsin.USA_37.21_6,MVs_Virginia.USA_35.21,6.0,24.0,8,2,0,0,0,1,0,1.0,2.0,0,105
MVs_Wisconsin.USA_37.21_6,MVs_Virginia.USA_40.21_3,6.0,40.0,22,3,0,0,0,0,0,1.0,2.0,0,105
MVs_Wisconsin.USA_37.21_6,MVs_Virginia.USA_39.21_2,6.0,41.0,26,2,0,0,0,0,0,1.0,2.0,0,105
MVs_Wisconsin.USA_37.21_6,MVs_Virginia.USA_39.21_4,6.0,39.0,15,2,0,0,0,0,0,1.0,2.0,0,105
MVs_Wisconsin.USA_37.21_6,MVs_Virginia.USA_41.21,6.0,42.0,30,4,0,0,0,0,0,1.0,2.0,0,105
MVs_Wisconsin.USA_37.21_6,MVs_Virginia.USA_40.21,6.0,43.0,30,3,0,0,0,0,0,1.0,1.0,1,2
MVs_Wisconsin.USA_37.21_6,MVs_Virginia.USA_38.21,6.0,36.0,15,1,0,0,0,0,0,1.0,1.0,1,1
MVs_Wisconsin.USA_37.21_6,MVs_Virginia.USA_39.21,6.0,35.0,16,2,0,0,0,0,0,1.0,1.0,1,0
MVs_Wisconsin.USA_37.21_6,MVs_Virginia.USA_40.21_2,6.0,38.0,18,3,0,0,0,0,0,1.0,2.0,0,105
MVs_Wisconsin.USA_37.21_6,MVs_Virginia.USA_39.21_3,6.0,37.0,18,2,0,0,0,0,0,1.0,1.0,1,1
MVs_Wisconsin.USA_38.21,MVs_Wisconsin.USA_39.21_10,15.0,18.0,2,1,0,1,1,1,0,1.0,1.0,1,1
MVs_Wisconsin.USA_38.21,MVs_Wisconsin.USA_39.21_14,15.0,21.0,3,1,0,1,1,1,0,1.0,1.0,1,0
MVs_Wisconsin.USA_38.21,MVs_Wisconsin.USA_39.21_15,15.0,20.0,2,1,0,1,1,1,0,1.0,1.0,1,0
MVs_Wisconsin.USA_38.21,MVs_Wisconsin.USA_39.21_2,15.0,9.0,1,1,0,1,1,1,0,1.0,1.0,1,0
MVs_Wisconsin.USA_38.21,MVs_Wisconsin.USA_39.21_3,15.0,10.0,1,1,0,1,1,1,0,1.0,1.0,1,1
MVs_Wisconsin.USA_38.21,MVs_Wisconsin.USA_39.21_8_1,15.0,16.0,0,1,0,1,1,1,0,1.0,1.0,1,0
MVs_Wisconsin.USA_38.21,MVs_Wisconsin.USA_39.21_4,15.0,11.0,4,1,0,1,1,1,0,1.0,1.0,1,2
MVs_Wisconsin.USA_38.21,MVs_Wisconsin.USA_39.21_5,15.0,12.0,4,1,0,1,1,1,0,1.0,1.0,1,1
MVs_Wisconsin.USA_38.21,MVs_Wisconsin.USA_39.21_6,15.0,13.0,4,1,0,1,1,1,0,1.0,1.0,1,1
MVs_Wisconsin.USA_38.21,MVs_Wisconsin.USA_39.21_7,15.0,14.0,1,1,0,1,1,1,0,1.0,1.0,1,2
MVs_Wisconsin.USA_38.21,MVs_Wisconsin.USA_37.21_2,15.0,3.0,14,1,1,0,1,0,0,1.0,1.0,1,1
MVs_Wisconsin.USA_38.21,MVs_Wisconsin.USA_39.21,15.0,8.0,5,1,0,0,1,1,0,1.0,1.0,1,1
MVs_Wisconsin.USA_38.21,MVs_Wisconsin.USA_35.21,15.0,1.0,24,3,0,0,1,0,0,1.0,1.0,1,2
MVs_Wisconsin.USA_38.21,MVs_Wisconsin.USA_39.21_12,15.0,17.0,1,1,0,0,1,1,0,1.0,1.0,1,2
MVs_Wisconsin.USA_38.21,MVs_Wisconsin.USA_39.21_13,15.0,22.0,1,1,0,0,1,1,0,1.0,1.0,1,0
MVs_Wisconsin.USA_38.21,MVs_Wisconsin.USA_37.21_4,15.0,4.0,13,1,0,0,1,1,0,1.0,1.0,1,4
MVs_Wisconsin.USA_38.21,MVs_Virginia.USA_35.21_4,15.0,23.0,12,3,0,0,0,0,0,1.0,1.0,1,2
MVs_Wisconsin.USA_38.21,MVs_Virginia.USA_35.21_5,15.0,32.0,12,3,0,0,0,0,0,1.0,1.0,1,2
MVs_Wisconsin.USA_38.21,MVs_Virginia.USA_35.21_6,15.0,27.0,12,3,0,0,0,0,0,1.0,1.0,1,5
MVs_Wisconsin.USA_38.21,MVs_Virginia.USA_36.21,15.0,31.0,20,2,0,0,0,0,0,1.0,1.0,1,2
MVs_Wisconsin.USA_38.21,MVs_Virginia.USA_37.21,15.0,33.0,16,1,0,0,0,0,0,1.0,1.0,1,2
MVs_Wisconsin.USA_38.21,MVs_Virginia.USA_36.21_2,15.0,25.0,26,2,0,0,0,0,0,1.0,1.0,1,3
MVs_Wisconsin.USA_38.21,MVs_Virginia.USA_36.21_4,15.0,29.0,14,2,0,0,0,0,0,1.0,3.0,0,37
MVs_Wisconsin.USA_38.21,MVs_Virginia.USA_36.21_5,15.0,30.0,21,2,0,0,0,0,0,1.0,2.0,0,2
MVs_Wisconsin.USA_38.21,MVs_Virginia.USA_37.21_2,15.0,28.0,10,1,0,0,0,0,0,1.0,2.0,0,106
MVs_Wisconsin.USA_38.21,MVs_NewMexico.USA_38.21,15.0,45.0,12,0,0,0,0,0,0,1.0,1.0,1,0
MVs_Wisconsin.USA_38.21,MVs_Virginia.USA_35.21,15.0,24.0,21,3,0,0,0,0,0,1.0,2.0,0,106
MVs_Wisconsin.USA_38.21,MVs_Virginia.USA_40.21_3,15.0,40.0,9,2,0,0,0,1,0,1.0,2.0,0,106
MVs_Wisconsin.USA_38.21,MVs_Virginia.USA_39.21_2,15.0,41.0,13,1,0,0,0,1,0,1.0,2.0,0,106
MVs_Wisconsin.USA_38.21,MVs_Virginia.USA_39.21_4,15.0,39.0,2,1,0,0,0,1,0,1.0,2.0,0,106
MVs_Wisconsin.USA_38.21,MVs_Virginia.USA_41.21,15.0,42.0,17,3,0,0,0,1,0,1.0,2.0,0,106
MVs_Wisconsin.USA_38.21,MVs_Virginia.USA_40.21,15.0,43.0,17,2,0,0,0,1,0,1.0,1.0,1,3
MVs_Wisconsin.USA_38.21,MVs_Virginia.USA_38.21,15.0,36.0,2,0,0,0,0,1,0,1.0,1.0,1,2
MVs_Wisconsin.USA_38.21,MVs_Virginia.USA_39.21,15.0,35.0,3,1,0,0,0,1,0,1.0,1.0,1,1
MVs_Wisconsin.USA_38.21,MVs_Virginia.USA_40.21_2,15.0,38.0,5,2,0,0,0,1,0,1.0,2.0,0,106
MVs_Wisconsin.USA_38.21,MVs_Virginia.USA_39.21_3,15.0,37.0,5,1,0,0,0,1,0,1.0,1.0,1,2
MVs_Wisconsin.USA_39.21_10,MVs_Wisconsin.USA_39.21_14,18.0,21.0,1,0,1,1,1,1,1,1.0,1.0,1,1
MVs_Wisconsin.USA_39.21_10,MVs_Wisconsin.USA_39.21_15,18.0,20.0,0,0,1,1,1,1,1,1.0,1.0,1,1
MVs_Wisconsin.USA_39.21_10,MVs_Wisconsin.USA_39.21_2,18.0,9.0,3,0,1,1,1,1,1,1.0,1.0,1,1
MVs_Wisconsin.USA_39.21_10,MVs_Wisconsin.USA_39.21_3,18.0,10.0,3,0,1,1,1,1,1,1.0,1.0,1,2
MVs_Wisconsin.USA_39.21_10,MVs_Wisconsin.USA_39.21_8_1,18.0,16.0,2,0,0,1,1,1,1,1.0,1.0,1,1
MVs_Wisconsin.USA_39.21_10,MVs_Wisconsin.USA_39.21_4,18.0,11.0,6,0,0,1,1,1,0,1.0,1.0,1,3
MVs_Wisconsin.USA_39.21_10,MVs_Wisconsin.USA_39.21_5,18.0,12.0,6,0,0,1,1,1,0,1.0,1.0,1,2
MVs_Wisconsin.USA_39.21_10,MVs_Wisconsin.USA_39.21_6,18.0,13.0,6,0,0,1,1,1,0,1.0,1.0,1,2
MVs_Wisconsin.USA_39.21_10,MVs_Wisconsin.USA_39.21_7,18.0,14.0,3,0,0,1,1,1,0,1.0,1.0,1,3
MVs_Wisconsin.USA_39.21_10,MVs_Wisconsin.USA_37.21_2,18.0,3.0,16,2,0,0,1,0,0,1.0,1.0,1,2
MVs_Wisconsin.USA_39.21_10,MVs_Wisconsin.USA_39.21,18.0,8.0,7,0,0,0,1,1,0,1.0,1.0,1,2
MVs_Wisconsin.USA_39.21_10,MVs_Wisconsin.USA_35.21,18.0,1.0,26,4,0,0,1,0,0,1.0,1.0,1,3
MVs_Wisconsin.USA_39.21_10,MVs_Wisconsin.USA_39.21_12,18.0,17.0,3,0,0,0,1,1,0,1.0,1.0,1,3
MVs_Wisconsin.USA_39.21_10,MVs_Wisconsin.USA_39.21_13,18.0,22.0,1,0,0,0,1,1,1,1.0,1.0,1,1
MVs_Wisconsin.USA_39.21_10,MVs_Wisconsin.USA_37.21_4,18.0,4.0,15,2,0,0,1,1,0,1.0,1.0,1,5
MVs_Wisconsin.USA_39.21_10,MVs_Virginia.USA_35.21_4,18.0,23.0,14,4,0,0,0,0,0,1.0,1.0,1,3
MVs_Wisconsin.USA_39.21_10,MVs_Virginia.USA_35.21_5,18.0,32.0,14,4,0,0,0,0,0,1.0,1.0,1,3
MVs_Wisconsin.USA_39.21_10,MVs_Virginia.USA_35.21_6,18.0,27.0,14,4,0,0,0,0,0,1.0,1.0,1,6
MVs_Wisconsin.USA_39.21_10,MVs_Virginia.USA_36.21,18.0,31.0,22,3,0,0,0,0,0,1.0,1.0,1,3
MVs_Wisconsin.USA_39.21_10,MVs_Virginia.USA_37.21,18.0,33.0,18,2,0,0,0,0,0,1.0,1.0,1,3
MVs_Wisconsin.USA_39.21_10,MVs_Virginia.USA_36.21_2,18.0,25.0,28,3,0,0,0,0,0,1.0,1.0,1,4
MVs_Wisconsin.USA_39.21_10,MVs_Virginia.USA_36.21_4,18.0,29.0,16,3,0,0,0,0,0,1.0,3.0,0,38
MVs_Wisconsin.USA_39.21_10,MVs_Virginia.USA_36.21_5,18.0,30.0,23,3,0,0,0,0,0,1.0,2.0,0,3
MVs_Wisconsin.USA_39.21_10,MVs_Virginia.USA_37.21_2,18.0,28.0,12,2,0,0,0,0,0,1.0,2.0,0,107
MVs_Wisconsin.USA_39.21_10,MVs_NewMexico.USA_38.21,18.0,45.0,14,1,0,0,0,0,1,1.0,1.0,1,1
MVs_Wisconsin.USA_39.21_10,MVs_Virginia.USA_35.21,18.0,24.0,23,4,0,0,0,0,0,1.0,2.0,0,107
MVs_Wisconsin.USA_39.21_10,MVs_Virginia.USA_40.21_3,18.0,40.0,7,1,0,0,0,1,0,1.0,2.0,0,107
MVs_Wisconsin.USA_39.21_10,MVs_Virginia.USA_39.21_2,18.0,41.0,11,0,0,0,0,1,0,1.0,2.0,0,107
MVs_Wisconsin.USA_39.21_10,MVs_Virginia.USA_39.21_4,18.0,39.0,0,0,0,0,0,1,0,1.0,2.0,0,107
MVs_Wisconsin.USA_39.21_10,MVs_Virginia.USA_41.21,18.0,42.0,15,2,0,0,0,1,0,1.0,2.0,0,107
MVs_Wisconsin.USA_39.21_10,MVs_Virginia.USA_40.21,18.0,43.0,15,1,0,0,0,1,0,1.0,1.0,1,4
MVs_Wisconsin.USA_39.21_10,MVs_Virginia.USA_38.21,18.0,36.0,0,1,0,0,0,1,0,1.0,1.0,1,3
MVs_Wisconsin.USA_39.21_10,MVs_Virginia.USA_39.21,18.0,35.0,1,0,0,0,0,1,0,1.0,1.0,1,2
MVs_Wisconsin.USA_39.21_10,MVs_Virginia.USA_40.21_2,18.0,38.0,3,1,0,0,0,1,0,1.0,2.0,0,107
MVs_Wisconsin.USA_39.21_10,MVs_Virginia.USA_39.21_3,18.0,37.0,3,0,0,0,0,1,0,1.0,1.0,1,3
MVs_Wisconsin.USA_39.21_14,MVs_Wisconsin.USA_39.21_15,21.0,20.0,1,0,1,1,1,1,1,1.0,1.0,1,0
MVs_Wisconsin.USA_39.21_14,MVs_Wisconsin.USA_39.21_2,21.0,9.0,4,0,1,1,1,1,1,1.0,1.0,1,0
MVs_Wisconsin.USA_39.21_14,MVs_Wisconsin.USA_39.21_3,21.0,10.0,4,0,1,1,1,1,1,1.0,1.0,1,1
MVs_Wisconsin.USA_39.21_14,MVs_Wisconsin.USA_39.21_8_1,21.0,16.0,3,0,0,1,1,1,1,1.0,1.0,1,0
MVs_Wisconsin.USA_39.21_14,MVs_Wisconsin.USA_39.21_4,21.0,11.0,7,0,0,1,1,1,0,1.0,1.0,1,2
MVs_Wisconsin.USA_39.21_14,MVs_Wisconsin.USA_39.21_5,21.0,12.0,7,0,0,1,1,1,0,1.0,1.0,1,1
MVs_Wisconsin.USA_39.21_14,MVs_Wisconsin.USA_39.21_6,21.0,13.0,7,0,0,1,1,1,0,1.0,1.0,1,1
MVs_Wisconsin.USA_39.21_14,MVs_Wisconsin.USA_39.21_7,21.0,14.0,4,0,0,1,1,1,0,1.0,1.0,1,2
MVs_Wisconsin.USA_39.21_14,MVs_Wisconsin.USA_37.21_2,21.0,3.0,17,2,0,0,1,0,0,1.0,1.0,1,1
MVs_Wisconsin.USA_39.21_14,MVs_Wisconsin.USA_39.21,21.0,8.0,8,0,0,0,1,1,0,1.0,1.0,1,1
MVs_Wisconsin.USA_39.21_14,MVs_Wisconsin.USA_35.21,21.0,1.0,27,4,0,0,1,0,0,1.0,1.0,1,2
MVs_Wisconsin.USA_39.21_14,MVs_Wisconsin.USA_39.21_12,21.0,17.0,4,0,0,0,1,1,0,1.0,1.0,1,2
MVs_Wisconsin.USA_39.21_14,MVs_Wisconsin.USA_39.21_13,21.0,22.0,2,0,0,0,1,1,1,1.0,1.0,1,0
MVs_Wisconsin.USA_39.21_14,MVs_Wisconsin.USA_37.21_4,21.0,4.0,16,2,0,0,1,1,0,1.0,1.0,1,4
MVs_Wisconsin.USA_39.21_14,MVs_Virginia.USA_35.21_4,21.0,23.0,15,4,0,0,0,0,0,1.0,1.0,1,2
MVs_Wisconsin.USA_39.21_14,MVs_Virginia.USA_35.21_5,21.0,32.0,15,4,0,0,0,0,0,1.0,1.0,1,2
MVs_Wisconsin.USA_39.21_14,MVs_Virginia.USA_35.21_6,21.0,27.0,15,4,0,0,0,0,0,1.0,1.0,1,5
MVs_Wisconsin.USA_39.21_14,MVs_Virginia.USA_36.21,21.0,31.0,23,3,0,0,0,0,0,1.0,1.0,1,2
MVs_Wisconsin.USA_39.21_14,MVs_Virginia.USA_37.21,21.0,33.0,19,2,0,0,0,0,0,1.0,1.0,1,2
MVs_Wisconsin.USA_39.21_14,MVs_Virginia.USA_36.21_2,21.0,25.0,29,3,0,0,0,0,0,1.0,1.0,1,3
MVs_Wisconsin.USA_39.21_14,MVs_Virginia.USA_36.21_4,21.0,29.0,17,3,0,0,0,0,0,1.0,3.0,0,37
MVs_Wisconsin.USA_39.21_14,MVs_Virginia.USA_36.21_5,21.0,30.0,24,3,0,0,0,0,0,1.0,2.0,0,2
MVs_Wisconsin.USA_39.21_14,MVs_Virginia.USA_37.21_2,21.0,28.0,13,2,0,0,0,0,0,1.0,2.0,0,106
MVs_Wisconsin.USA_39.21_14,MVs_NewMexico.USA_38.21,21.0,45.0,15,1,0,0,0,0,1,1.0,1.0,1,1
MVs_Wisconsin.USA_39.21_14,MVs_Virginia.USA_35.21,21.0,24.0,24,4,0,0,0,0,0,1.0,2.0,0,106
MVs_Wisconsin.USA_39.21_14,MVs_Virginia.USA_40.21_3,21.0,40.0,6,1,0,0,0,1,0,1.0,2.0,0,106
MVs_Wisconsin.USA_39.21_14,MVs_Virginia.USA_39.21_2,21.0,41.0,10,0,0,0,0,1,0,1.0,2.0,0,106
MVs_Wisconsin.USA_39.21_14,MVs_Virginia.USA_39.21_4,21.0,39.0,1,0,0,0,0,1,0,1.0,2.0,0,106
MVs_Wisconsin.USA_39.21_14,MVs_Virginia.USA_41.21,21.0,42.0,14,2,0,0,0,1,0,1.0,2.0,0,106
MVs_Wisconsin.USA_39.21_14,MVs_Virginia.USA_40.21,21.0,43.0,14,1,0,0,0,1,0,1.0,1.0,1,3
MVs_Wisconsin.USA_39.21_14,MVs_Virginia.USA_38.21,21.0,36.0,1,1,0,0,0,1,0,1.0,1.0,1,2
MVs_Wisconsin.USA_39.21_14,MVs_Virginia.USA_39.21,21.0,35.0,0,0,0,0,0,1,0,1.0,1.0,1,1
MVs_Wisconsin.USA_39.21_14,MVs_Virginia.USA_40.21_2,21.0,38.0,2,1,0,0,0,1,0,1.0,2.0,0,106
MVs_Wisconsin.USA_39.21_14,MVs_Virginia.USA_39.21_3,21.0,37.0,2,0,0,0,0,1,0,1.0,1.0,1,2
MVs_Wisconsin.USA_39.21_15,MVs_Wisconsin.USA_39.21_2,20.0,9.0,3,0,1,1,1,1,1,1.0,1.0,1,0
MVs_Wisconsin.USA_39.21_15,MVs_Wisconsin.USA_39.21_3,20.0,10.0,3,0,1,1,1,1,1,1.0,1.0,1,1
MVs_Wisconsin.USA_39.21_15,MVs_Wisconsin.USA_39.21_8_1,20.0,16.0,2,0,0,1,1,1,1,1.0,1.0,1,0
MVs_Wisconsin.USA_39.21_15,MVs_Wisconsin.USA_39.21_4,20.0,11.0,6,0,0,1,1,1,0,1.0,1.0,1,2
MVs_Wisconsin.USA_39.21_15,MVs_Wisconsin.USA_39.21_5,20.0,12.0,6,0,0,1,1,1,0,1.0,1.0,1,1
MVs_Wisconsin.USA_39.21_15,MVs_Wisconsin.USA_39.21_6,20.0,13.0,6,0,0,1,1,1,0,1.0,1.0,1,1
MVs_Wisconsin.USA_39.21_15,MVs_Wisconsin.USA_39.21_7,20.0,14.0,3,0,0,1,1,1,0,1.0,1.0,1,2
MVs_Wisconsin.USA_39.21_15,MVs_Wisconsin.USA_37.21_2,20.0,3.0,16,2,0,0,1,0,0,1.0,1.0,1,1
MVs_Wisconsin.USA_39.21_15,MVs_Wisconsin.USA_39.21,20.0,8.0,7,0,0,0,1,1,0,1.0,1.0,1,1
MVs_Wisconsin.USA_39.21_15,MVs_Wisconsin.USA_35.21,20.0,1.0,26,4,0,0,1,0,0,1.0,1.0,1,2
MVs_Wisconsin.USA_39.21_15,MVs_Wisconsin.USA_39.21_12,20.0,17.0,3,0,0,0,1,1,0,1.0,1.0,1,2
MVs_Wisconsin.USA_39.21_15,MVs_Wisconsin.USA_39.21_13,20.0,22.0,1,0,0,0,1,1,1,1.0,1.0,1,0
MVs_Wisconsin.USA_39.21_15,MVs_Wisconsin.USA_37.21_4,20.0,4.0,15,2,0,0,1,1,0,1.0,1.0,1,4
MVs_Wisconsin.USA_39.21_15,MVs_Virginia.USA_35.21_4,20.0,23.0,14,4,0,0,0,0,0,1.0,1.0,1,2
MVs_Wisconsin.USA_39.21_15,MVs_Virginia.USA_35.21_5,20.0,32.0,14,4,0,0,0,0,0,1.0,1.0,1,2
MVs_Wisconsin.USA_39.21_15,MVs_Virginia.USA_35.21_6,20.0,27.0,14,4,0,0,0,0,0,1.0,1.0,1,5
MVs_Wisconsin.USA_39.21_15,MVs_Virginia.USA_36.21,20.0,31.0,22,3,0,0,0,0,0,1.0,1.0,1,2
MVs_Wisconsin.USA_39.21_15,MVs_Virginia.USA_37.21,20.0,33.0,18,2,0,0,0,0,0,1.0,1.0,1,2
MVs_Wisconsin.USA_39.21_15,MVs_Virginia.USA_36.21_2,20.0,25.0,28,3,0,0,0,0,0,1.0,1.0,1,3
MVs_Wisconsin.USA_39.21_15,MVs_Virginia.USA_36.21_4,20.0,29.0,16,3,0,0,0,0,0,1.0,3.0,0,37
MVs_Wisconsin.USA_39.21_15,MVs_Virginia.USA_36.21_5,20.0,30.0,23,3,0,0,0,0,0,1.0,2.0,0,2
MVs_Wisconsin.USA_39.21_15,MVs_Virginia.USA_37.21_2,20.0,28.0,12,2,0,0,0,0,0,1.0,2.0,0,106
MVs_Wisconsin.USA_39.21_15,MVs_NewMexico.USA_38.21,20.0,45.0,14,1,0,0,0,0,1,1.0,1.0,1,1
MVs_Wisconsin.USA_39.21_15,MVs_Virginia.USA_35.21,20.0,24.0,23,4,0,0,0,0,0,1.0,2.0,0,106
MVs_Wisconsin.USA_39.21_15,MVs_Virginia.USA_40.21_3,20.0,40.0,7,1,0,0,0,1,0,1.0,2.0,0,106
MVs_Wisconsin.USA_39.21_15,MVs_Virginia.USA_39.21_2,20.0,41.0,11,0,0,0,0,1,0,1.0,2.0,0,106
MVs_Wisconsin.USA_39.21_15,MVs_Virginia.USA_39.21_4,20.0,39.0,0,0,0,0,0,1,0,1.0,2.0,0,106
MVs_Wisconsin.USA_39.21_15,MVs_Virginia.USA_41.21,20.0,42.0,15,2,0,0,0,1,0,1.0,2.0,0,106
MVs_Wisconsin.USA_39.21_15,MVs_Virginia.USA_40.21,20.0,43.0,15,1,0,0,0,1,0,1.0,1.0,1,3
MVs_Wisconsin.USA_39.21_15,MVs_Virginia.USA_38.21,20.0,36.0,0,1,0,0,0,1,0,1.0,1.0,1,2
MVs_Wisconsin.USA_39.21_15,MVs_Virginia.USA_39.21,20.0,35.0,1,0,0,0,0,1,0,1.0,1.0,1,1
MVs_Wisconsin.USA_39.21_15,MVs_Virginia.USA_40.21_2,20.0,38.0,3,1,0,0,0,1,0,1.0,2.0,0,106
MVs_Wisconsin.USA_39.21_15,MVs_Virginia.USA_39.21_3,20.0,37.0,3,0,0,0,0,1,0,1.0,1.0,1,2
MVs_Wisconsin.USA_39.21_2,MVs_Wisconsin.USA_39.21_3,9.0,10.0,0,0,1,1,1,1,1,1.0,1.0,1,1
MVs_Wisconsin.USA_39.21_2,MVs_Wisconsin.USA_39.21_8_1,9.0,16.0,1,0,0,1,1,1,1,1.0,1.0,1,0
MVs_Wisconsin.USA_39.21_2,MVs_Wisconsin.USA_39.21_4,9.0,11.0,3,0,0,1,1,1,0,1.0,1.0,1,2
MVs_Wisconsin.USA_39.21_2,MVs_Wisconsin.USA_39.21_5,9.0,12.0,3,0,0,1,1,1,0,1.0,1.0,1,1
MVs_Wisconsin.USA_39.21_2,MVs_Wisconsin.USA_39.21_6,9.0,13.0,3,0,0,1,1,1,0,1.0,1.0,1,1
MVs_Wisconsin.USA_39.21_2,MVs_Wisconsin.USA_39.21_7,9.0,14.0,0,0,0,1,1,1,0,1.0,1.0,1,2
MVs_Wisconsin.USA_39.21_2,MVs_Wisconsin.USA_37.21_2,9.0,3.0,13,2,0,0,1,0,0,1.0,1.0,1,1
MVs_Wisconsin.USA_39.21_2,MVs_Wisconsin.USA_39.21,9.0,8.0,4,0,0,0,1,1,0,1.0,1.0,1,1
MVs_Wisconsin.USA_39.21_2,MVs_Wisconsin.USA_35.21,9.0,1.0,23,4,0,0,1,0,0,1.0,1.0,1,2
MVs_Wisconsin.USA_39.21_2,MVs_Wisconsin.USA_39.21_12,9.0,17.0,0,0,0,0,1,1,0,1.0,1.0,1,2
MVs_Wisconsin.USA_39.21_2,MVs_Wisconsin.USA_39.21_13,9.0,22.0,2,0,0,0,1,1,1,1.0,1.0,1,0
MVs_Wisconsin.USA_39.21_2,MVs_Wisconsin.USA_37.21_4,9.0,4.0,12,2,0,0,1,1,0,1.0,1.0,1,4
MVs_Wisconsin.USA_39.21_2,MVs_Virginia.USA_35.21_4,9.0,23.0,11,4,0,0,0,0,0,1.0,1.0,1,2
MVs_Wisconsin.USA_39.21_2,MVs_Virginia.USA_35.21_5,9.0,32.0,11,4,0,0,0,0,0,1.0,1.0,1,2
MVs_Wisconsin.USA_39.21_2,MVs_Virginia.USA_35.21_6,9.0,27.0,11,4,0,0,0,0,0,1.0,1.0,1,5
MVs_Wisconsin.USA_39.21_2,MVs_Virginia.USA_36.21,9.0,31.0,19,3,0,0,0,0,0,1.0,1.0,1,2
MVs_Wisconsin.USA_39.21_2,MVs_Virginia.USA_37.21,9.0,33.0,15,2,0,0,0,0,0,1.0,1.0,1,2
MVs_Wisconsin.USA_39.21_2,MVs_Virginia.USA_36.21_2,9.0,25.0,25,3,0,0,0,0,0,1.0,1.0,1,3
MVs_Wisconsin.USA_39.21_2,MVs_Virginia.USA_36.21_4,9.0,29.0,13,3,0,0,0,0,0,1.0,3.0,0,37
MVs_Wisconsin.USA_39.21_2,MVs_Virginia.USA_36.21_5,9.0,30.0,20,3,0,0,0,0,0,1.0,2.0,0,2
MVs_Wisconsin.USA_39.21_2,MVs_Virginia.USA_37.21_2,9.0,28.0,9,2,0,0,0,0,0,1.0,2.0,0,106
MVs_Wisconsin.USA_39.21_2,MVs_NewMexico.USA_38.21,9.0,45.0,11,1,0,0,0,0,1,1.0,1.0,1,1
MVs_Wisconsin.USA_39.21_2,MVs_Virginia.USA_35.21,9.0,24.0,20,4,0,0,0,0,0,1.0,2.0,0,106
MVs_Wisconsin.USA_39.21_2,MVs_Virginia.USA_40.21_3,9.0,40.0,10,1,0,0,0,1,0,1.0,2.0,0,106
MVs_Wisconsin.USA_39.21_2,MVs_Virginia.USA_39.21_2,9.0,41.0,14,0,0,0,0,1,0,1.0,2.0,0,106
MVs_Wisconsin.USA_39.21_2,MVs_Virginia.USA_39.21_4,9.0,39.0,3,0,0,0,0,1,0,1.0,2.0,0,106
MVs_Wisconsin.USA_39.21_2,MVs_Virginia.USA_41.21,9.0,42.0,18,2,0,0,0,1,0,1.0,2.0,0,106
MVs_Wisconsin.USA_39.21_2,MVs_Virginia.USA_40.21,9.0,43.0,18,1,0,0,0,1,0,1.0,1.0,1,3
MVs_Wisconsin.USA_39.21_2,MVs_Virginia.USA_38.21,9.0,36.0,3,1,0,0,0,1,0,1.0,1.0,1,2
MVs_Wisconsin.USA_39.21_2,MVs_Virginia.USA_39.21,9.0,35.0,4,0,0,0,0,1,0,1.0,1.0,1,1
MVs_Wisconsin.USA_39.21_2,MVs_Virginia.USA_40.21_2,9.0,38.0,6,1,0,0,0,1,0,1.0,2.0,0,106
MVs_Wisconsin.USA_39.21_2,MVs_Virginia.USA_39.21_3,9.0,37.0,6,0,0,0,0,1,0,1.0,1.0,1,2
MVs_Wisconsin.USA_39.21_3,MVs_Wisconsin.USA_39.21_8_1,10.0,16.0,1,0,0,1,1,1,1,1.0,1.0,1,1
MVs_Wisconsin.USA_39.21_3,MVs_Wisconsin.USA_39.21_4,10.0,11.0,3,0,0,1,1,1,0,1.0,1.0,1,3
MVs_Wisconsin.USA_39.21_3,MVs_Wisconsin.USA_39.21_5,10.0,12.0,3,0,0,1,1,1,0,1.0,1.0,1,2
MVs_Wisconsin.USA_39.21_3,MVs_Wisconsin.USA_39.21_6,10.0,13.0,3,0,0,1,1,1,0,1.0,1.0,1,2
MVs_Wisconsin.USA_39.21_3,MVs_Wisconsin.USA_39.21_7,10.0,14.0,0,0,0,1,1,1,0,1.0,1.0,1,3
MVs_Wisconsin.USA_39.21_3,MVs_Wisconsin.USA_37.21_2,10.0,3.0,13,2,0,0,1,0,0,1.0,1.0,1,2
MVs_Wisconsin.USA_39.21_3,MVs_Wisconsin.USA_39.21,10.0,8.0,4,0,0,0,1,1,0,1.0,1.0,1,2
MVs_Wisconsin.USA_39.21_3,MVs_Wisconsin.USA_35.21,10.0,1.0,23,4,0,0,1,0,0,1.0,1.0,1,3
MVs_Wisconsin.USA_39.21_3,MVs_Wisconsin.USA_39.21_12,10.0,17.0,0,0,0,0,1,1,0,1.0,1.0,1,3
MVs_Wisconsin.USA_39.21_3,MVs_Wisconsin.USA_39.21_13,10.0,22.0,2,0,0,0,1,1,1,1.0,1.0,1,1
MVs_Wisconsin.USA_39.21_3,MVs_Wisconsin.USA_37.21_4,10.0,4.0,12,2,0,0,1,1,0,1.0,1.0,1,5
MVs_Wisconsin.USA_39.21_3,MVs_Virginia.USA_35.21_4,10.0,23.0,11,4,0,0,0,0,0,1.0,1.0,1,3
MVs_Wisconsin.USA_39.21_3,MVs_Virginia.USA_35.21_5,10.0,32.0,11,4,0,0,0,0,0,1.0,1.0,1,3
MVs_Wisconsin.USA_39.21_3,MVs_Virginia.USA_35.21_6,10.0,27.0,11,4,0,0,0,0,0,1.0,1.0,1,6
MVs_Wisconsin.USA_39.21_3,MVs_Virginia.USA_36.21,10.0,31.0,19,3,0,0,0,0,0,1.0,1.0,1,3
MVs_Wisconsin.USA_39.21_3,MVs_Virginia.USA_37.21,10.0,33.0,15,2,0,0,0,0,0,1.0,1.0,1,3
MVs_Wisconsin.USA_39.21_3,MVs_Virginia.USA_36.21_2,10.0,25.0,25,3,0,0,0,0,0,1.0,1.0,1,4
MVs_Wisconsin.USA_39.21_3,MVs_Virginia.USA_36.21_4,10.0,29.0,13,3,0,0,0,0,0,1.0,3.0,0,38
MVs_Wisconsin.USA_39.21_3,MVs_Virginia.USA_36.21_5,10.0,30.0,20,3,0,0,0,0,0,1.0,2.0,0,3
MVs_Wisconsin.USA_39.21_3,MVs_Virginia.USA_37.21_2,10.0,28.0,9,2,0,0,0,0,0,1.0,2.0,0,107
MVs_Wisconsin.USA_39.21_3,MVs_NewMexico.USA_38.21,10.0,45.0,11,1,0,0,0,0,1,1.0,1.0,1,2
MVs_Wisconsin.USA_39.21_3,MVs_Virginia.USA_35.21,10.0,24.0,20,4,0,0,0,0,0,1.0,2.0,0,107
MVs_Wisconsin.USA_39.21_3,MVs_Virginia.USA_40.21_3,10.0,40.0,10,1,0,0,0,1,0,1.0,2.0,0,107
MVs_Wisconsin.USA_39.21_3,MVs_Virginia.USA_39.21_2,10.0,41.0,14,0,0,0,0,1,0,1.0,2.0,0,107
MVs_Wisconsin.USA_39.21_3,MVs_Virginia.USA_39.21_4,10.0,39.0,3,0,0,0,0,1,0,1.0,2.0,0,107
MVs_Wisconsin.USA_39.21_3,MVs_Virginia.USA_41.21,10.0,42.0,18,2,0,0,0,1,0,1.0,2.0,0,107
MVs_Wisconsin.USA_39.21_3,MVs_Virginia.USA_40.21,10.0,43.0,18,1,0,0,0,1,0,1.0,1.0,1,4
MVs_Wisconsin.USA_39.21_3,MVs_Virginia.USA_38.21,10.0,36.0,3,1,0,0,0,1,0,1.0,1.0,1,3
MVs_Wisconsin.USA_39.21_3,MVs_Virginia.USA_39.21,10.0,35.0,4,0,0,0,0,1,0,1.0,1.0,1,2
MVs_Wisconsin.USA_39.21_3,MVs_Virginia.USA_40.21_2,10.0,38.0,6,1,0,0,0,1,0,1.0,2.0,0,107
MVs_Wisconsin.USA_39.21_3,MVs_Virginia.USA_39.21_3,10.0,37.0,6,0,0,0,0,1,0,1.0,1.0,1,3
MVs_Wisconsin.USA_39.21_8_1,MVs_Wisconsin.USA_39.21_4,16.0,11.0,4,0,0,1,1,1,0,1.0,1.0,1,2
MVs_Wisconsin.USA_39.21_8_1,MVs_Wisconsin.USA_39.21_5,16.0,12.0,4,0,0,1,1,1,0,1.0,1.0,1,1
MVs_Wisconsin.USA_39.21_8_1,MVs_Wisconsin.USA_39.21_6,16.0,13.0,4,0,0,1,1,1,0,1.0,1.0,1,1
MVs_Wisconsin.USA_39.21_8_1,MVs_Wisconsin.USA_39.21_7,16.0,14.0,1,0,0,1,1,1,0,1.0,1.0,1,2
MVs_Wisconsin.USA_39.21_8_1,MVs_Wisconsin.USA_37.21_2,16.0,3.0,14,2,0,0,1,0,0,1.0,1.0,1,1
MVs_Wisconsin.USA_39.21_8_1,MVs_Wisconsin.USA_39.21,16.0,8.0,5,0,0,0,1,1,0,1.0,1.0,1,1
MVs_Wisconsin.USA_39.21_8_1,MVs_Wisconsin.USA_35.21,16.0,1.0,24,4,1,0,1,0,0,1.0,1.0,1,2
MVs_Wisconsin.USA_39.21_8_1,MVs_Wisconsin.USA_39.21_12,16.0,17.0,1,0,0,0,1,1,0,1.0,1.0,1,2
MVs_Wisconsin.USA_39.21_8_1,MVs_Wisconsin.USA_39.21_13,16.0,22.0,1,0,0,0,1,1,1,1.0,1.0,1,0
MVs_Wisconsin.USA_39.21_8_1,MVs_Wisconsin.USA_37.21_4,16.0,4.0,13,2,1,0,1,1,0,1.0,1.0,1,4
MVs_Wisconsin.USA_39.21_8_1,MVs_Virginia.USA_35.21_4,16.0,23.0,12,4,0,0,0,0,0,1.0,1.0,1,2
MVs_Wisconsin.USA_39.21_8_1,MVs_Virginia.USA_35.21_5,16.0,32.0,12,4,0,0,0,0,0,1.0,1.0,1,2
MVs_Wisconsin.USA_39.21_8_1,MVs_Virginia.USA_35.21_6,16.0,27.0,12,4,0,0,0,0,0,1.0,1.0,1,5
MVs_Wisconsin.USA_39.21_8_1,MVs_Virginia.USA_36.21,16.0,31.0,20,3,0,0,0,0,0,1.0,1.0,1,2
MVs_Wisconsin.USA_39.21_8_1,MVs_Virginia.USA_37.21,16.0,33.0,16,2,0,0,0,0,0,1.0,1.0,1,2
MVs_Wisconsin.USA_39.21_8_1,MVs_Virginia.USA_36.21_2,16.0,25.0,26,3,0,0,0,0,0,1.0,1.0,1,3
MVs_Wisconsin.USA_39.21_8_1,MVs_Virginia.USA_36.21_4,16.0,29.0,14,3,0,0,0,0,0,1.0,3.0,0,37
MVs_Wisconsin.USA_39.21_8_1,MVs_Virginia.USA_36.21_5,16.0,30.0,21,3,0,0,0,0,0,1.0,2.0,0,2
MVs_Wisconsin.USA_39.21_8_1,MVs_Virginia.USA_37.21_2,16.0,28.0,10,2,0,0,0,0,0,1.0,2.0,0,106
MVs_Wisconsin.USA_39.21_8_1,MVs_NewMexico.USA_38.21,16.0,45.0,12,1,0,0,0,0,1,1.0,1.0,1,1
MVs_Wisconsin.USA_39.21_8_1,MVs_Virginia.USA_35.21,16.0,24.0,21,4,0,0,0,0,0,1.0,2.0,0,106
MVs_Wisconsin.USA_39.21_8_1,MVs_Virginia.USA_40.21_3,16.0,40.0,9,1,0,0,0,1,0,1.0,2.0,0,106
MVs_Wisconsin.USA_39.21_8_1,MVs_Virginia.USA_39.21_2,16.0,41.0,13,0,0,0,0,1,0,1.0,2.0,0,106
MVs_Wisconsin.USA_39.21_8_1,MVs_Virginia.USA_39.21_4,16.0,39.0,2,0,0,0,0,1,0,1.0,2.0,0,106
MVs_Wisconsin.USA_39.21_8_1,MVs_Virginia.USA_41.21,16.0,42.0,17,2,0,0,0,1,0,1.0,2.0,0,106
MVs_Wisconsin.USA_39.21_8_1,MVs_Virginia.USA_40.21,16.0,43.0,17,1,0,0,0,1,0,1.0,1.0,1,3
MVs_Wisconsin.USA_39.21_8_1,MVs_Virginia.USA_38.21,16.0,36.0,2,1,0,0,0,1,0,1.0,1.0,1,2
MVs_Wisconsin.USA_39.21_8_1,MVs_Virginia.USA_39.21,16.0,35.0,3,0,0,0,0,1,0,1.0,1.0,1,1
MVs_Wisconsin.USA_39.21_8_1,MVs_Virginia.USA_40.21_2,16.0,38.0,5,1,0,0,0,1,0,1.0,2.0,0,106
MVs_Wisconsin.USA_39.21_8_1,MVs_Virginia.USA_39.21_3,16.0,37.0,5,0,0,0,0,1,0,1.0,1.0,1,2
MVs_Wisconsin.USA_39.21_4,MVs_Wisconsin.USA_39.21_5,11.0,12.0,0,0,1,1,1,1,1,1.0,1.0,1,1
MVs_Wisconsin.USA_39.21_4,MVs_Wisconsin.USA_39.21_6,11.0,13.0,0,0,1,1,1,1,1,1.0,1.0,1,1
MVs_Wisconsin.USA_39.21_4,MVs_Wisconsin.USA_39.21_7,11.0,14.0,3,0,1,1,1,1,1,1.0,1.0,1,2
MVs_Wisconsin.USA_39.21_4,MVs_Wisconsin.USA_37.21_2,11.0,3.0,10,2,0,0,1,0,1,1.0,1.0,1,1
MVs_Wisconsin.USA_39.21_4,MVs_Wisconsin.USA_39.21,11.0,8.0,1,0,0,0,1,1,1,1.0,1.0,1,1
MVs_Wisconsin.USA_39.21_4,MVs_Wisconsin.USA_35.21,11.0,1.0,20,4,0,0,1,0,0,1.0,1.0,1,2
MVs_Wisconsin.USA_39.21_4,MVs_Wisconsin.USA_39.21_12,11.0,17.0,3,0,0,0,1,1,1,1.0,1.0,1,2
MVs_Wisconsin.USA_39.21_4,MVs_Wisconsin.USA_39.21_13,11.0,22.0,5,0,0,0,1,1,0,1.0,1.0,1,2
MVs_Wisconsin.USA_39.21_4,MVs_Wisconsin.USA_37.21_4,11.0,4.0,9,2,0,0,1,1,0,1.0,1.0,1,4
MVs_Wisconsin.USA_39.21_4,MVs_Virginia.USA_35.21_4,11.0,23.0,8,4,0,0,0,0,0,1.0,1.0,1,2
MVs_Wisconsin.USA_39.21_4,MVs_Virginia.USA_35.21_5,11.0,32.0,8,4,0,0,0,0,0,1.0,1.0,1,2
MVs_Wisconsin.USA_39.21_4,MVs_Virginia.USA_35.21_6,11.0,27.0,8,4,0,0,0,0,0,1.0,1.0,1,5
MVs_Wisconsin.USA_39.21_4,MVs_Virginia.USA_36.21,11.0,31.0,16,3,0,0,0,0,0,1.0,1.0,1,2
MVs_Wisconsin.USA_39.21_4,MVs_Virginia.USA_37.21,11.0,33.0,12,2,0,0,0,0,0,1.0,1.0,1,2
MVs_Wisconsin.USA_39.21_4,MVs_Virginia.USA_36.21_2,11.0,25.0,22,3,0,0,0,0,0,1.0,1.0,1,3
MVs_Wisconsin.USA_39.21_4,MVs_Virginia.USA_36.21_4,11.0,29.0,10,3,0,0,0,0,0,1.0,3.0,0,37
MVs_Wisconsin.USA_39.21_4,MVs_Virginia.USA_36.21_5,11.0,30.0,17,3,0,0,0,0,0,1.0,2.0,0,2
MVs_Wisconsin.USA_39.21_4,MVs_Virginia.USA_37.21_2,11.0,28.0,6,2,0,0,0,0,0,1.0,2.0,0,106
MVs_Wisconsin.USA_39.21_4,MVs_NewMexico.USA_38.21,11.0,45.0,8,1,0,0,0,0,0,1.0,1.0,1,3
MVs_Wisconsin.USA_39.21_4,MVs_Virginia.USA_35.21,11.0,24.0,17,4,0,0,0,0,0,1.0,2.0,0,106
MVs_Wisconsin.USA_39.21_4,MVs_Virginia.USA_40.21_3,11.0,40.0,13,1,0,0,0,1,0,1.0,2.0,0,106
MVs_Wisconsin.USA_39.21_4,MVs_Virginia.USA_39.21_2,11.0,41.0,17,0,0,0,0,1,0,1.0,2.0,0,106
MVs_Wisconsin.USA_39.21_4,MVs_Virginia.USA_39.21_4,11.0,39.0,6,0,0,0,0,1,0,1.0,2.0,0,106
MVs_Wisconsin.USA_39.21_4,MVs_Virginia.USA_41.21,11.0,42.0,21,2,0,0,0,1,0,1.0,2.0,0,106
MVs_Wisconsin.USA_39.21_4,MVs_Virginia.USA_40.21,11.0,43.0,21,1,0,0,0,1,0,1.0,1.0,1,3
MVs_Wisconsin.USA_39.21_4,MVs_Virginia.USA_38.21,11.0,36.0,6,1,0,0,0,1,0,1.0,1.0,1,2
MVs_Wisconsin.USA_39.21_4,MVs_Virginia.USA_39.21,11.0,35.0,7,0,0,0,0,1,1,1.0,1.0,1,1
MVs_Wisconsin.USA_39.21_4,MVs_Virginia.USA_40.21_2,11.0,38.0,9,1,0,0,0,1,0,1.0,2.0,0,106
MVs_Wisconsin.USA_39.21_4,MVs_Virginia.USA_39.21_3,11.0,37.0,9,0,0,0,0,1,0,1.0,1.0,1,2
MVs_Wisconsin.USA_39.21_5,MVs_Wisconsin.USA_39.21_6,12.0,13.0,0,0,1,1,1,1,1,1.0,1.0,1,0
MVs_Wisconsin.USA_39.21_5,MVs_Wisconsin.USA_39.21_7,12.0,14.0,3,0,1,1,1,1,1,1.0,1.0,1,1
MVs_Wisconsin.USA_39.21_5,MVs_Wisconsin.USA_37.21_2,12.0,3.0,10,2,0,0,1,0,1,1.0,1.0,1,0
MVs_Wisconsin.USA_39.21_5,MVs_Wisconsin.USA_39.21,12.0,8.0,1,0,0,0,1,1,1,1.0,1.0,1,0
MVs_Wisconsin.USA_39.21_5,MVs_Wisconsin.USA_35.21,12.0,1.0,20,4,0,0,1,0,0,1.0,1.0,1,1
MVs_Wisconsin.USA_39.21_5,MVs_Wisconsin.USA_39.21_12,12.0,17.0,3,0,0,0,1,1,1,1.0,1.0,1,1
MVs_Wisconsin.USA_39.21_5,MVs_Wisconsin.USA_39.21_13,12.0,22.0,5,0,0,0,1,1,0,1.0,1.0,1,1
MVs_Wisconsin.USA_39.21_5,MVs_Wisconsin.USA_37.21_4,12.0,4.0,9,2,0,0,1,1,0,1.0,1.0,1,3
MVs_Wisconsin.USA_39.21_5,MVs_Virginia.USA_35.21_4,12.0,23.0,8,4,0,0,0,0,0,1.0,1.0,1,1
MVs_Wisconsin.USA_39.21_5,MVs_Virginia.USA_35.21_5,12.0,32.0,8,4,0,0,0,0,0,1.0,1.0,1,1
MVs_Wisconsin.USA_39.21_5,MVs_Virginia.USA_35.21_6,12.0,27.0,8,4,0,0,0,0,0,1.0,1.0,1,4
MVs_Wisconsin.USA_39.21_5,MVs_Virginia.USA_36.21,12.0,31.0,16,3,0,0,0,0,0,1.0,1.0,1,1
MVs_Wisconsin.USA_39.21_5,MVs_Virginia.USA_37.21,12.0,33.0,12,2,0,0,0,0,0,1.0,1.0,1,1
MVs_Wisconsin.USA_39.21_5,MVs_Virginia.USA_36.21_2,12.0,25.0,22,3,0,0,0,0,0,1.0,1.0,1,2
MVs_Wisconsin.USA_39.21_5,MVs_Virginia.USA_36.21_4,12.0,29.0,10,3,0,0,0,0,0,1.0,3.0,0,36
MVs_Wisconsin.USA_39.21_5,MVs_Virginia.USA_36.21_5,12.0,30.0,17,3,0,0,0,0,0,1.0,2.0,0,1
MVs_Wisconsin.USA_39.21_5,MVs_Virginia.USA_37.21_2,12.0,28.0,6,2,0,0,0,0,0,1.0,2.0,0,105
MVs_Wisconsin.USA_39.21_5,MVs_NewMexico.USA_38.21,12.0,45.0,8,1,0,0,0,0,0,1.0,1.0,1,2
MVs_Wisconsin.USA_39.21_5,MVs_Virginia.USA_35.21,12.0,24.0,17,4,0,0,0,0,0,1.0,2.0,0,105
MVs_Wisconsin.USA_39.21_5,MVs_Virginia.USA_40.21_3,12.0,40.0,13,1,0,0,0,1,0,1.0,2.0,0,105
MVs_Wisconsin.USA_39.21_5,MVs_Virginia.USA_39.21_2,12.0,41.0,17,0,0,0,0,1,0,1.0,2.0,0,105
MVs_Wisconsin.USA_39.21_5,MVs_Virginia.USA_39.21_4,12.0,39.0,6,0,0,0,0,1,0,1.0,2.0,0,105
MVs_Wisconsin.USA_39.21_5,MVs_Virginia.USA_41.21,12.0,42.0,21,2,0,0,0,1,0,1.0,2.0,0,105
MVs_Wisconsin.USA_39.21_5,MVs_Virginia.USA_40.21,12.0,43.0,21,1,0,0,0,1,0,1.0,1.0,1,2
MVs_Wisconsin.USA_39.21_5,MVs_Virginia.USA_38.21,12.0,36.0,6,1,0,0,0,1,0,1.0,1.0,1,1
MVs_Wisconsin.USA_39.21_5,MVs_Virginia.USA_39.21,12.0,35.0,7,0,0,0,0,1,1,1.0,1.0,1,0
MVs_Wisconsin.USA_39.21_5,MVs_Virginia.USA_40.21_2,12.0,38.0,9,1,0,0,0,1,0,1.0,2.0,0,105
MVs_Wisconsin.USA_39.21_5,MVs_Virginia.USA_39.21_3,12.0,37.0,9,0,0,0,0,1,0,1.0,1.0,1,1
MVs_Wisconsin.USA_39.21_6,MVs_Wisconsin.USA_39.21_7,13.0,14.0,3,0,1,1,1,1,1,1.0,1.0,1,1
MVs_Wisconsin.USA_39.21_6,MVs_Wisconsin.USA_37.21_2,13.0,3.0,10,2,0,0,1,0,1,1.0,1.0,1,0
MVs_Wisconsin.USA_39.21_6,MVs_Wisconsin.USA_39.21,13.0,8.0,1,0,0,0,1,1,1,1.0,1.0,1,0
MVs_Wisconsin.USA_39.21_6,MVs_Wisconsin.USA_35.21,13.0,1.0,20,4,0,0,1,0,0,1.0,1.0,1,1
MVs_Wisconsin.USA_39.21_6,MVs_Wisconsin.USA_39.21_12,13.0,17.0,3,0,0,0,1,1,1,1.0,1.0,1,1
MVs_Wisconsin.USA_39.21_6,MVs_Wisconsin.USA_39.21_13,13.0,22.0,5,0,0,0,1,1,0,1.0,1.0,1,1
MVs_Wisconsin.USA_39.21_6,MVs_Wisconsin.USA_37.21_4,13.0,4.0,9,2,0,0,1,1,0,1.0,1.0,1,3
MVs_Wisconsin.USA_39.21_6,MVs_Virginia.USA_35.21_4,13.0,23.0,8,4,0,0,0,0,0,1.0,1.0,1,1
MVs_Wisconsin.USA_39.21_6,MVs_Virginia.USA_35.21_5,13.0,32.0,8,4,0,0,0,0,0,1.0,1.0,1,1
MVs_Wisconsin.USA_39.21_6,MVs_Virginia.USA_35.21_6,13.0,27.0,8,4,0,0,0,0,0,1.0,1.0,1,4
MVs_Wisconsin.USA_39.21_6,MVs_Virginia.USA_36.21,13.0,31.0,16,3,0,0,0,0,0,1.0,1.0,1,1
MVs_Wisconsin.USA_39.21_6,MVs_Virginia.USA_37.21,13.0,33.0,12,2,0,0,0,0,0,1.0,1.0,1,1
MVs_Wisconsin.USA_39.21_6,MVs_Virginia.USA_36.21_2,13.0,25.0,22,3,0,0,0,0,0,1.0,1.0,1,2
MVs_Wisconsin.USA_39.21_6,MVs_Virginia.USA_36.21_4,13.0,29.0,10,3,0,0,0,0,0,1.0,3.0,0,36
MVs_Wisconsin.USA_39.21_6,MVs_Virginia.USA_36.21_5,13.0,30.0,17,3,0,0,0,0,0,1.0,2.0,0,1
MVs_Wisconsin.USA_39.21_6,MVs_Virginia.USA_37.21_2,13.0,28.0,6,2,0,0,0,0,0,1.0,2.0,0,105
MVs_Wisconsin.USA_39.21_6,MVs_NewMexico.USA_38.21,13.0,45.0,8,1,0,0,0,0,0,1.0,1.0,1,2
MVs_Wisconsin.USA_39.21_6,MVs_Virginia.USA_35.21,13.0,24.0,17,4,0,0,0,0,0,1.0,2.0,0,105
MVs_Wisconsin.USA_39.21_6,MVs_Virginia.USA_40.21_3,13.0,40.0,13,1,0,0,0,1,0,1.0,2.0,0,105
MVs_Wisconsin.USA_39.21_6,MVs_Virginia.USA_39.21_2,13.0,41.0,17,0,0,0,0,1,0,1.0,2.0,0,105
MVs_Wisconsin.USA_39.21_6,MVs_Virginia.USA_39.21_4,13.0,39.0,6,0,0,0,0,1,0,1.0,2.0,0,105
MVs_Wisconsin.USA_39.21_6,MVs_Virginia.USA_41.21,13.0,42.0,21,2,0,0,0,1,0,1.0,2.0,0,105
MVs_Wisconsin.USA_39.21_6,MVs_Virginia.USA_40.21,13.0,43.0,21,1,0,0,0,1,0,1.0,1.0,1,2
MVs_Wisconsin.USA_39.21_6,MVs_Virginia.USA_38.21,13.0,36.0,6,1,0,0,0,1,0,1.0,1.0,1,1
MVs_Wisconsin.USA_39.21_6,MVs_Virginia.USA_39.21,13.0,35.0,7,0,0,0,0,1,1,1.0,1.0,1,0
MVs_Wisconsin.USA_39.21_6,MVs_Virginia.USA_40.21_2,13.0,38.0,9,1,0,0,0,1,0,1.0,2.0,0,105
MVs_Wisconsin.USA_39.21_6,MVs_Virginia.USA_39.21_3,13.0,37.0,9,0,0,0,0,1,0,1.0,1.0,1,1
MVs_Wisconsin.USA_39.21_7,MVs_Wisconsin.USA_37.21_2,14.0,3.0,13,2,0,0,1,0,1,1.0,1.0,1,1
MVs_Wisconsin.USA_39.21_7,MVs_Wisconsin.USA_39.21,14.0,8.0,4,0,0,0,1,1,1,1.0,1.0,1,1
MVs_Wisconsin.USA_39.21_7,MVs_Wisconsin.USA_35.21,14.0,1.0,23,4,0,0,1,0,0,1.0,1.0,1,2
MVs_Wisconsin.USA_39.21_7,MVs_Wisconsin.USA_39.21_12,14.0,17.0,0,0,0,0,1,1,1,1.0,1.0,1,2
MVs_Wisconsin.USA_39.21_7,MVs_Wisconsin.USA_39.21_13,14.0,22.0,2,0,0,0,1,1,0,1.0,1.0,1,2
MVs_Wisconsin.USA_39.21_7,MVs_Wisconsin.USA_37.21_4,14.0,4.0,12,2,0,0,1,1,0,1.0,1.0,1,4
MVs_Wisconsin.USA_39.21_7,MVs_Virginia.USA_35.21_4,14.0,23.0,11,4,0,0,0,0,0,1.0,1.0,1,2
MVs_Wisconsin.USA_39.21_7,MVs_Virginia.USA_35.21_5,14.0,32.0,11,4,0,0,0,0,0,1.0,1.0,1,2
MVs_Wisconsin.USA_39.21_7,MVs_Virginia.USA_35.21_6,14.0,27.0,11,4,0,0,0,0,0,1.0,1.0,1,5
MVs_Wisconsin.USA_39.21_7,MVs_Virginia.USA_36.21,14.0,31.0,19,3,0,0,0,0,0,1.0,1.0,1,2
MVs_Wisconsin.USA_39.21_7,MVs_Virginia.USA_37.21,14.0,33.0,15,2,0,0,0,0,0,1.0,1.0,1,2
MVs_Wisconsin.USA_39.21_7,MVs_Virginia.USA_36.21_2,14.0,25.0,25,3,0,0,0,0,0,1.0,1.0,1,3
MVs_Wisconsin.USA_39.21_7,MVs_Virginia.USA_36.21_4,14.0,29.0,13,3,0,0,0,0,0,1.0,3.0,0,37
MVs_Wisconsin.USA_39.21_7,MVs_Virginia.USA_36.21_5,14.0,30.0,20,3,0,0,0,0,0,1.0,2.0,0,2
MVs_Wisconsin.USA_39.21_7,MVs_Virginia.USA_37.21_2,14.0,28.0,9,2,0,0,0,0,0,1.0,2.0,0,106
MVs_Wisconsin.USA_39.21_7,MVs_NewMexico.USA_38.21,14.0,45.0,11,1,0,0,0,0,0,1.0,1.0,1,3
MVs_Wisconsin.USA_39.21_7,MVs_Virginia.USA_35.21,14.0,24.0,20,4,0,0,0,0,0,1.0,2.0,0,106
MVs_Wisconsin.USA_39.21_7,MVs_Virginia.USA_40.21_3,14.0,40.0,10,1,0,0,0,1,0,1.0,2.0,0,106
MVs_Wisconsin.USA_39.21_7,MVs_Virginia.USA_39.21_2,14.0,41.0,14,0,0,0,0,1,0,1.0,2.0,0,106
MVs_Wisconsin.USA_39.21_7,MVs_Virginia.USA_39.21_4,14.0,39.0,3,0,0,0,0,1,0,1.0,2.0,0,106
MVs_Wisconsin.USA_39.21_7,MVs_Virginia.USA_41.21,14.0,42.0,18,2,0,0,0,1,0,1.0,2.0,0,106
MVs_Wisconsin.USA_39.21_7,MVs_Virginia.USA_40.21,14.0,43.0,18,1,0,0,0,1,0,1.0,1.0,1,3
MVs_Wisconsin.USA_39.21_7,MVs_Virginia.USA_38.21,14.0,36.0,3,1,0,0,0,1,0,1.0,1.0,1,2
MVs_Wisconsin.USA_39.21_7,MVs_Virginia.USA_39.21,14.0,35.0,4,0,0,0,0,1,1,1.0,1.0,1,1
MVs_Wisconsin.USA_39.21_7,MVs_Virginia.USA_40.21_2,14.0,38.0,6,1,0,0,0,1,0,1.0,2.0,0,106
MVs_Wisconsin.USA_39.21_7,MVs_Virginia.USA_39.21_3,14.0,37.0,6,0,0,0,0,1,0,1.0,1.0,1,2
MVs_Wisconsin.USA_37.21_2,MVs_Wisconsin.USA_39.21,3.0,8.0,9,2,0,1,1,0,1,1.0,1.0,1,0
MVs_Wisconsin.USA_37.21_2,MVs_Wisconsin.USA_35.21,3.0,1.0,10,2,0,0,1,1,0,1.0,1.0,1,1
MVs_Wisconsin.USA_37.21_2,MVs_Wisconsin.USA_39.21_12,3.0,17.0,13,2,0,0,1,0,1,1.0,1.0,1,1
MVs_Wisconsin.USA_37.21_2,MVs_Wisconsin.USA_39.21_13,3.0,22.0,15,2,0,0,1,0,0,1.0,1.0,1,1
MVs_Wisconsin.USA_37.21_2,MVs_Wisconsin.USA_37.21_4,3.0,4.0,1,0,0,0,1,0,0,1.0,1.0,1,3
MVs_Wisconsin.USA_37.21_2,MVs_Virginia.USA_35.21_4,3.0,23.0,2,2,0,0,0,1,0,1.0,1.0,1,1
MVs_Wisconsin.USA_37.21_2,MVs_Virginia.USA_35.21_5,3.0,32.0,2,2,0,0,0,1,0,1.0,1.0,1,1
MVs_Wisconsin.USA_37.21_2,MVs_Virginia.USA_35.21_6,3.0,27.0,2,2,0,0,0,1,0,1.0,1.0,1,4
MVs_Wisconsin.USA_37.21_2,MVs_Virginia.USA_36.21,3.0,31.0,6,1,0,0,0,1,0,1.0,1.0,1,1
MVs_Wisconsin.USA_37.21_2,MVs_Virginia.USA_37.21,3.0,33.0,2,0,0,0,0,1,0,1.0,1.0,1,1
MVs_Wisconsin.USA_37.21_2,MVs_Virginia.USA_36.21_2,3.0,25.0,12,1,0,0,0,1,0,1.0,1.0,1,2
MVs_Wisconsin.USA_37.21_2,MVs_Virginia.USA_36.21_4,3.0,29.0,0,1,0,0,0,1,0,1.0,3.0,0,36
MVs_Wisconsin.USA_37.21_2,MVs_Virginia.USA_36.21_5,3.0,30.0,7,1,0,0,0,1,0,1.0,2.0,0,1
MVs_Wisconsin.USA_37.21_2,MVs_Virginia.USA_37.21_2,3.0,28.0,4,0,0,0,0,1,0,1.0,2.0,0,105
MVs_Wisconsin.USA_37.21_2,MVs_NewMexico.USA_38.21,3.0,45.0,2,1,0,0,0,1,0,1.0,1.0,1,2
MVs_Wisconsin.USA_37.21_2,MVs_Virginia.USA_35.21,3.0,24.0,7,2,0,0,0,1,0,1.0,2.0,0,105
MVs_Wisconsin.USA_37.21_2,MVs_Virginia.USA_40.21_3,3.0,40.0,23,3,0,0,0,0,0,1.0,2.0,0,105
MVs_Wisconsin.USA_37.21_2,MVs_Virginia.USA_39.21_2,3.0,41.0,27,2,0,0,0,0,0,1.0,2.0,0,105
MVs_Wisconsin.USA_37.21_2,MVs_Virginia.USA_39.21_4,3.0,39.0,16,2,0,0,0,0,0,1.0,2.0,0,105
MVs_Wisconsin.USA_37.21_2,MVs_Virginia.USA_41.21,3.0,42.0,31,4,0,0,0,0,0,1.0,2.0,0,105
MVs_Wisconsin.USA_37.21_2,MVs_Virginia.USA_40.21,3.0,43.0,31,3,0,0,0,0,0,1.0,1.0,1,2
MVs_Wisconsin.USA_37.21_2,MVs_Virginia.USA_38.21,3.0,36.0,16,1,0,0,0,0,0,1.0,1.0,1,1
MVs_Wisconsin.USA_37.21_2,MVs_Virginia.USA_39.21,3.0,35.0,17,2,0,0,0,0,1,1.0,1.0,1,0
MVs_Wisconsin.USA_37.21_2,MVs_Virginia.USA_40.21_2,3.0,38.0,19,3,0,0,0,0,0,1.0,2.0,0,105
MVs_Wisconsin.USA_37.21_2,MVs_Virginia.USA_39.21_3,3.0,37.0,19,2,0,0,0,0,0,1.0,1.0,1,1
MVs_Wisconsin.USA_39.21,MVs_Wisconsin.USA_35.21,8.0,1.0,19,4,0,0,1,0,0,1.0,1.0,1,1
MVs_Wisconsin.USA_39.21,MVs_Wisconsin.USA_39.21_12,8.0,17.0,4,0,0,0,1,1,1,1.0,1.0,1,1
MVs_Wisconsin.USA_39.21,MVs_Wisconsin.USA_39.21_13,8.0,22.0,6,0,0,0,1,1,0,1.0,1.0,1,1
MVs_Wisconsin.USA_39.21,MVs_Wisconsin.USA_37.21_4,8.0,4.0,8,2,0,0,1,1,0,1.0,1.0,1,3
MVs_Wisconsin.USA_39.21,MVs_Virginia.USA_35.21_4,8.0,23.0,7,4,0,0,0,0,0,1.0,1.0,1,1
MVs_Wisconsin.USA_39.21,MVs_Virginia.USA_35.21_5,8.0,32.0,7,4,0,0,0,0,0,1.0,1.0,1,1
MVs_Wisconsin.USA_39.21,MVs_Virginia.USA_35.21_6,8.0,27.0,7,4,0,0,0,0,0,1.0,1.0,1,4
MVs_Wisconsin.USA_39.21,MVs_Virginia.USA_36.21,8.0,31.0,15,3,0,0,0,0,0,1.0,1.0,1,1
MVs_Wisconsin.USA_39.21,MVs_Virginia.USA_37.21,8.0,33.0,11,2,0,0,0,0,0,1.0,1.0,1,1
MVs_Wisconsin.USA_39.21,MVs_Virginia.USA_36.21_2,8.0,25.0,21,3,0,0,0,0,0,1.0,1.0,1,2
MVs_Wisconsin.USA_39.21,MVs_Virginia.USA_36.21_4,8.0,29.0,9,3,0,0,0,0,0,1.0,3.0,0,36
MVs_Wisconsin.USA_39.21,MVs_Virginia.USA_36.21_5,8.0,30.0,16,3,0,0,0,0,0,1.0,2.0,0,1
MVs_Wisconsin.USA_39.21,MVs_Virginia.USA_37.21_2,8.0,28.0,5,2,0,0,0,0,0,1.0,2.0,0,105
MVs_Wisconsin.USA_39.21,MVs_NewMexico.USA_38.21,8.0,45.0,7,1,0,0,0,0,0,1.0,1.0,1,2
MVs_Wisconsin.USA_39.21,MVs_Virginia.USA_35.21,8.0,24.0,16,4,0,0,0,0,0,1.0,2.0,0,105
MVs_Wisconsin.USA_39.21,MVs_Virginia.USA_40.21_3,8.0,40.0,14,1,0,0,0,1,0,1.0,2.0,0,105
MVs_Wisconsin.USA_39.21,MVs_Virginia.USA_39.21_2,8.0,41.0,18,0,0,0,0,1,0,1.0,2.0,0,105
MVs_Wisconsin.USA_39.21,MVs_Virginia.USA_39.21_4,8.0,39.0,7,0,0,0,0,1,0,1.0,2.0,0,105
MVs_Wisconsin.USA_39.21,MVs_Virginia.USA_41.21,8.0,42.0,22,2,0,0,0,1,0,1.0,2.0,0,105
MVs_Wisconsin.USA_39.21,MVs_Virginia.USA_40.21,8.0,43.0,22,1,0,0,0,1,0,1.0,1.0,1,2
MVs_Wisconsin.USA_39.21,MVs_Virginia.USA_38.21,8.0,36.0,7,1,0,0,0,1,0,1.0,1.0,1,1
MVs_Wisconsin.USA_39.21,MVs_Virginia.USA_39.21,8.0,35.0,8,0,0,0,0,1,1,1.0,1.0,1,0
MVs_Wisconsin.USA_39.21,MVs_Virginia.USA_40.21_2,8.0,38.0,10,1,0,0,0,1,0,1.0,2.0,0,105
MVs_Wisconsin.USA_39.21,MVs_Virginia.USA_39.21_3,8.0,37.0,10,0,0,0,0,1,0,1.0,1.0,1,1
MVs_Wisconsin.USA_35.21,MVs_Wisconsin.USA_39.21_12,1.0,17.0,23,4,0,0,1,0,0,1.0,1.0,1,2
MVs_Wisconsin.USA_35.21,MVs_Wisconsin.USA_39.21_13,1.0,22.0,25,4,0,0,1,0,0,1.0,1.0,1,2
MVs_Wisconsin.USA_35.21,MVs_Wisconsin.USA_37.21_4,1.0,4.0,11,2,1,0,1,0,1,1.0,1.0,1,2
MVs_Wisconsin.USA_35.21,MVs_Virginia.USA_35.21_4,1.0,23.0,12,0,0,0,0,1,1,1.0,1.0,1,0
MVs_Wisconsin.USA_35.21,MVs_Virginia.USA_35.21_5,1.0,32.0,12,0,0,0,0,1,1,1.0,1.0,1,0
MVs_Wisconsin.USA_35.21,MVs_Virginia.USA_35.21_6,1.0,27.0,12,0,0,0,0,1,1,1.0,1.0,1,3
MVs_Wisconsin.USA_35.21,MVs_Virginia.USA_36.21,1.0,31.0,4,1,0,0,0,1,1,1.0,1.0,1,0
MVs_Wisconsin.USA_35.21,MVs_Virginia.USA_37.21,1.0,33.0,8,2,0,0,0,1,1,1.0,1.0,1,0
MVs_Wisconsin.USA_35.21,MVs_Virginia.USA_36.21_2,1.0,25.0,2,1,0,0,0,1,1,1.0,1.0,1,1
MVs_Wisconsin.USA_35.21,MVs_Virginia.USA_36.21_4,1.0,29.0,10,1,0,0,0,1,0,1.0,3.0,0,35
MVs_Wisconsin.USA_35.21,MVs_Virginia.USA_36.21_5,1.0,30.0,3,1,0,0,0,1,0,1.0,2.0,0,0
MVs_Wisconsin.USA_35.21,MVs_Virginia.USA_37.21_2,1.0,28.0,14,2,0,0,0,1,0,1.0,2.0,0,104
MVs_Wisconsin.USA_35.21,MVs_NewMexico.USA_38.21,1.0,45.0,12,3,0,0,0,1,0,1.0,1.0,1,3
MVs_Wisconsin.USA_35.21,MVs_Virginia.USA_35.21,1.0,24.0,3,0,0,0,0,1,0,1.0,2.0,0,104
MVs_Wisconsin.USA_35.21,MVs_Virginia.USA_40.21_3,1.0,40.0,33,5,0,0,0,0,0,1.0,2.0,0,104
MVs_Wisconsin.USA_35.21,MVs_Virginia.USA_39.21_2,1.0,41.0,37,4,0,0,0,0,0,1.0,2.0,0,104
MVs_Wisconsin.USA_35.21,MVs_Virginia.USA_39.21_4,1.0,39.0,26,4,0,0,0,0,0,1.0,2.0,0,104
MVs_Wisconsin.USA_35.21,MVs_Virginia.USA_41.21,1.0,42.0,41,6,0,0,0,0,0,1.0,2.0,0,104
MVs_Wisconsin.USA_35.21,MVs_Virginia.USA_40.21,1.0,43.0,41,5,0,0,0,0,1,1.0,1.0,1,1
MVs_Wisconsin.USA_35.21,MVs_Virginia.USA_38.21,1.0,36.0,26,3,0,0,0,0,1,1.0,1.0,1,0
MVs_Wisconsin.USA_35.21,MVs_Virginia.USA_39.21,1.0,35.0,27,4,0,0,0,0,0,1.0,1.0,1,1
MVs_Wisconsin.USA_35.21,MVs_Virginia.USA_40.21_2,1.0,38.0,29,5,0,0,0,0,0,1.0,2.0,0,104
MVs_Wisconsin.USA_35.21,MVs_Virginia.USA_39.21_3,1.0,37.0,29,4,0,0,0,0,1,1.0,1.0,1,0
MVs_Wisconsin.USA_39.21_12,MVs_Wisconsin.USA_39.21_13,17.0,22.0,2,0,0,0,1,1,0,1.0,1.0,1,2
MVs_Wisconsin.USA_39.21_12,MVs_Wisconsin.USA_37.21_4,17.0,4.0,12,2,0,0,1,1,0,1.0,1.0,1,4
MVs_Wisconsin.USA_39.21_12,MVs_Virginia.USA_35.21_4,17.0,23.0,11,4,0,0,0,0,0,1.0,1.0,1,2
MVs_Wisconsin.USA_39.21_12,MVs_Virginia.USA_35.21_5,17.0,32.0,11,4,0,0,0,0,0,1.0,1.0,1,2
MVs_Wisconsin.USA_39.21_12,MVs_Virginia.USA_35.21_6,17.0,27.0,11,4,0,0,0,0,0,1.0,1.0,1,5
MVs_Wisconsin.USA_39.21_12,MVs_Virginia.USA_36.21,17.0,31.0,19,3,0,0,0,0,0,1.0,1.0,1,2
MVs_Wisconsin.USA_39.21_12,MVs_Virginia.USA_37.21,17.0,33.0,15,2,0,0,0,0,0,1.0,1.0,1,2
MVs_Wisconsin.USA_39.21_12,MVs_Virginia.USA_36.21_2,17.0,25.0,25,3,0,0,0,0,0,1.0,1.0,1,3
MVs_Wisconsin.USA_39.21_12,MVs_Virginia.USA_36.21_4,17.0,29.0,13,3,0,0,0,0,0,1.0,3.0,0,37
MVs_Wisconsin.USA_39.21_12,MVs_Virginia.USA_36.21_5,17.0,30.0,20,3,0,0,0,0,0,1.0,2.0,0,2
MVs_Wisconsin.USA_39.21_12,MVs_Virginia.USA_37.21_2,17.0,28.0,9,2,0,0,0,0,0,1.0,2.0,0,106
MVs_Wisconsin.USA_39.21_12,MVs_NewMexico.USA_38.21,17.0,45.0,11,1,0,0,0,0,0,1.0,1.0,1,3
MVs_Wisconsin.USA_39.21_12,MVs_Virginia.USA_35.21,17.0,24.0,20,4,0,0,0,0,0,1.0,2.0,0,106
MVs_Wisconsin.USA_39.21_12,MVs_Virginia.USA_40.21_3,17.0,40.0,10,1,0,0,0,1,0,1.0,2.0,0,106
MVs_Wisconsin.USA_39.21_12,MVs_Virginia.USA_39.21_2,17.0,41.0,14,0,0,0,0,1,0,1.0,2.0,0,106
MVs_Wisconsin.USA_39.21_12,MVs_Virginia.USA_39.21_4,17.0,39.0,3,0,0,0,0,1,0,1.0,2.0,0,106
MVs_Wisconsin.USA_39.21_12,MVs_Virginia.USA_41.21,17.0,42.0,18,2,0,0,0,1,0,1.0,2.0,0,106
MVs_Wisconsin.USA_39.21_12,MVs_Virginia.USA_40.21,17.0,43.0,18,1,0,0,0,1,0,1.0,1.0,1,3
MVs_Wisconsin.USA_39.21_12,MVs_Virginia.USA_38.21,17.0,36.0,3,1,0,0,0,1,0,1.0,1.0,1,2
MVs_Wisconsin.USA_39.21_12,MVs_Virginia.USA_39.21,17.0,35.0,4,0,0,0,0,1,1,1.0,1.0,1,1
MVs_Wisconsin.USA_39.21_12,MVs_Virginia.USA_40.21_2,17.0,38.0,6,1,0,0,0,1,0,1.0,2.0,0,106
MVs_Wisconsin.USA_39.21_12,MVs_Virginia.USA_39.21_3,17.0,37.0,6,0,0,0,0,1,0,1.0,1.0,1,2
MVs_Wisconsin.USA_39.21_13,MVs_Wisconsin.USA_37.21_4,22.0,4.0,14,2,0,0,1,1,0,1.0,1.0,1,4
MVs_Wisconsin.USA_39.21_13,MVs_Virginia.USA_35.21_4,22.0,23.0,13,4,0,0,0,0,0,1.0,1.0,1,2
MVs_Wisconsin.USA_39.21_13,MVs_Virginia.USA_35.21_5,22.0,32.0,13,4,0,0,0,0,0,1.0,1.0,1,2
MVs_Wisconsin.USA_39.21_13,MVs_Virginia.USA_35.21_6,22.0,27.0,13,4,0,0,0,0,0,1.0,1.0,1,5
MVs_Wisconsin.USA_39.21_13,MVs_Virginia.USA_36.21,22.0,31.0,21,3,0,0,0,0,0,1.0,1.0,1,2
MVs_Wisconsin.USA_39.21_13,MVs_Virginia.USA_37.21,22.0,33.0,17,2,0,0,0,0,0,1.0,1.0,1,2
MVs_Wisconsin.USA_39.21_13,MVs_Virginia.USA_36.21_2,22.0,25.0,27,3,0,0,0,0,0,1.0,1.0,1,3
MVs_Wisconsin.USA_39.21_13,MVs_Virginia.USA_36.21_4,22.0,29.0,15,3,0,0,0,0,0,1.0,3.0,0,37
MVs_Wisconsin.USA_39.21_13,MVs_Virginia.USA_36.21_5,22.0,30.0,22,3,0,0,0,0,0,1.0,2.0,0,2
MVs_Wisconsin.USA_39.21_13,MVs_Virginia.USA_37.21_2,22.0,28.0,11,2,0,0,0,0,0,1.0,2.0,0,106
MVs_Wisconsin.USA_39.21_13,MVs_NewMexico.USA_38.21,22.0,45.0,13,1,0,0,0,0,1,1.0,1.0,1,1
MVs_Wisconsin.USA_39.21_13,MVs_Virginia.USA_35.21,22.0,24.0,22,4,0,0,0,0,0,1.0,2.0,0,106
MVs_Wisconsin.USA_39.21_13,MVs_Virginia.USA_40.21_3,22.0,40.0,8,1,0,0,0,1,0,1.0,2.0,0,106
MVs_Wisconsin.USA_39.21_13,MVs_Virginia.USA_39.21_2,22.0,41.0,12,0,0,0,0,1,0,1.0,2.0,0,106
MVs_Wisconsin.USA_39.21_13,MVs_Virginia.USA_39.21_4,22.0,39.0,1,0,0,0,0,1,0,1.0,2.0,0,106
MVs_Wisconsin.USA_39.21_13,MVs_Virginia.USA_41.21,22.0,42.0,16,2,0,0,0,1,0,1.0,2.0,0,106
MVs_Wisconsin.USA_39.21_13,MVs_Virginia.USA_40.21,22.0,43.0,16,1,0,0,0,1,0,1.0,1.0,1,3
MVs_Wisconsin.USA_39.21_13,MVs_Virginia.USA_38.21,22.0,36.0,1,1,0,0,0,1,0,1.0,1.0,1,2
MVs_Wisconsin.USA_39.21_13,MVs_Virginia.USA_39.21,22.0,35.0,2,0,0,0,0,1,0,1.0,1.0,1,1
MVs_Wisconsin.USA_39.21_13,MVs_Virginia.USA_40.21_2,22.0,38.0,4,1,0,0,0,1,0,1.0,2.0,0,106
MVs_Wisconsin.USA_39.21_13,MVs_Virginia.USA_39.21_3,22.0,37.0,4,0,0,0,0,1,0,1.0,1.0,1,2
MVs_Wisconsin.USA_37.21_4,MVs_Virginia.USA_35.21_4,4.0,23.0,1,2,0,0,0,0,1,1.0,1.0,1,2
MVs_Wisconsin.USA_37.21_4,MVs_Virginia.USA_35.21_5,4.0,32.0,1,2,0,0,0,0,1,1.0,1.0,1,2
MVs_Wisconsin.USA_37.21_4,MVs_Virginia.USA_35.21_6,4.0,27.0,1,2,0,0,0,0,1,1.0,1.0,1,5
MVs_Wisconsin.USA_37.21_4,MVs_Virginia.USA_36.21,4.0,31.0,7,1,0,0,0,0,1,1.0,1.0,1,2
MVs_Wisconsin.USA_37.21_4,MVs_Virginia.USA_37.21,4.0,33.0,3,0,0,0,0,0,1,1.0,1.0,1,2
MVs_Wisconsin.USA_37.21_4,MVs_Virginia.USA_36.21_2,4.0,25.0,13,1,0,0,0,0,1,1.0,1.0,1,3
MVs_Wisconsin.USA_37.21_4,MVs_Virginia.USA_36.21_4,4.0,29.0,1,1,0,0,0,0,0,1.0,3.0,0,37
MVs_Wisconsin.USA_37.21_4,MVs_Virginia.USA_36.21_5,4.0,30.0,8,1,0,0,0,0,0,1.0,2.0,0,2
MVs_Wisconsin.USA_37.21_4,MVs_Virginia.USA_37.21_2,4.0,28.0,3,0,0,0,0,0,0,1.0,2.0,0,106
MVs_Wisconsin.USA_37.21_4,MVs_NewMexico.USA_38.21,4.0,45.0,1,1,0,0,0,0,0,1.0,1.0,1,5
MVs_Wisconsin.USA_37.21_4,MVs_Virginia.USA_35.21,4.0,24.0,8,2,0,0,0,0,0,1.0,2.0,0,106
MVs_Wisconsin.USA_37.21_4,MVs_Virginia.USA_40.21_3,4.0,40.0,22,3,0,0,0,1,0,1.0,2.0,0,106
MVs_Wisconsin.USA_37.21_4,MVs_Virginia.USA_39.21_2,4.0,41.0,26,2,0,0,0,1,0,1.0,2.0,0,106
MVs_Wisconsin.USA_37.21_4,MVs_Virginia.USA_39.21_4,4.0,39.0,15,2,0,0,0,1,0,1.0,2.0,0,106
MVs_Wisconsin.USA_37.21_4,MVs_Virginia.USA_41.21,4.0,42.0,30,4,0,0,0,1,0,1.0,2.0,0,106
MVs_Wisconsin.USA_37.21_4,MVs_Virginia.USA_40.21,4.0,43.0,30,3,0,0,0,1,1,1.0,1.0,1,3
MVs_Wisconsin.USA_37.21_4,MVs_Virginia.USA_38.21,4.0,36.0,15,1,0,0,0,1,1,1.0,1.0,1,2
MVs_Wisconsin.USA_37.21_4,MVs_Virginia.USA_39.21,4.0,35.0,16,2,0,0,0,1,0,1.0,1.0,1,3
MVs_Wisconsin.USA_37.21_4,MVs_Virginia.USA_40.21_2,4.0,38.0,18,3,0,0,0,1,0,1.0,2.0,0,106
MVs_Wisconsin.USA_37.21_4,MVs_Virginia.USA_39.21_3,4.0,37.0,18,2,0,0,0,1,1,1.0,1.0,1,2
MVs_Virginia.USA_35.21_4,MVs_Virginia.USA_35.21_5,23.0,32.0,0,0,1,0,1,1,1,1.0,1.0,1,0
MVs_Virginia.USA_35.21_4,MVs_Virginia.USA_35.21_6,23.0,27.0,0,0,1,0,1,1,1,1.0,1.0,1,3
MVs_Virginia.USA_35.21_4,MVs_Virginia.USA_36.21,23.0,31.0,8,1,1,0,1,1,1,1.0,1.0,1,0
MVs_Virginia.USA_35.21_4,MVs_Virginia.USA_37.21,23.0,33.0,4,2,1,0,1,1,1,1.0,1.0,1,0
MVs_Virginia.USA_35.21_4,MVs_Virginia.USA_36.21_2,23.0,25.0,14,1,0,0,1,1,1,1.0,1.0,1,1
MVs_Virginia.USA_35.21_4,MVs_Virginia.USA_36.21_4,23.0,29.0,2,1,0,0,1,1,0,1.0,3.0,0,35
MVs_Virginia.USA_35.21_4,MVs_Virginia.USA_36.21_5,23.0,30.0,9,1,0,0,1,1,0,1.0,2.0,0,0
MVs_Virginia.USA_35.21_4,MVs_Virginia.USA_37.21_2,23.0,28.0,2,2,0,0,1,1,0,1.0,2.0,0,104
MVs_Virginia.USA_35.21_4,MVs_NewMexico.USA_38.21,23.0,45.0,0,3,0,0,0,1,0,1.0,1.0,1,3
MVs_Virginia.USA_35.21_4,MVs_Virginia.USA_35.21,23.0,24.0,9,0,0,0,1,1,0,1.0,2.0,0,104
MVs_Virginia.USA_35.21_4,MVs_Virginia.USA_40.21_3,23.0,40.0,21,5,0,0,0,0,0,1.0,2.0,0,104
MVs_Virginia.USA_35.21_4,MVs_Virginia.USA_39.21_2,23.0,41.0,25,4,0,0,0,0,0,1.0,2.0,0,104
MVs_Virginia.USA_35.21_4,MVs_Virginia.USA_39.21_4,23.0,39.0,14,4,0,0,0,0,0,1.0,2.0,0,104
MVs_Virginia.USA_35.21_4,MVs_Virginia.USA_41.21,23.0,42.0,29,6,0,0,0,0,0,1.0,2.0,0,104
MVs_Virginia.USA_35.21_4,MVs_Virginia.USA_40.21,23.0,43.0,29,5,0,0,0,0,1,1.0,1.0,1,1
MVs_Virginia.USA_35.21_4,MVs_Virginia.USA_38.21,23.0,36.0,14,3,0,0,0,0,1,1.0,1.0,1,0
MVs_Virginia.USA_35.21_4,MVs_Virginia.USA_39.21,23.0,35.0,15,4,0,0,0,0,0,1.0,1.0,1,1
MVs_Virginia.USA_35.21_4,MVs_Virginia.USA_40.21_2,23.0,38.0,17,5,0,0,0,0,0,1.0,2.0,0,104
MVs_Virginia.USA_35.21_4,MVs_Virginia.USA_39.21_3,23.0,37.0,17,4,1,0,0,0,1,1.0,1.0,1,0
MVs_Virginia.USA_35.21_5,MVs_Virginia.USA_35.21_6,32.0,27.0,0,0,1,0,1,1,1,1.0,1.0,1,3
MVs_Virginia.USA_35.21_5,MVs_Virginia.USA_36.21,32.0,31.0,8,1,1,0,1,1,1,1.0,1.0,1,0
MVs_Virginia.USA_35.21_5,MVs_Virginia.USA_37.21,32.0,33.0,4,2,1,0,1,1,1,1.0,1.0,1,0
MVs_Virginia.USA_35.21_5,MVs_Virginia.USA_36.21_2,32.0,25.0,14,1,0,0,1,1,1,1.0,1.0,1,1
MVs_Virginia.USA_35.21_5,MVs_Virginia.USA_36.21_4,32.0,29.0,2,1,0,0,1,1,0,1.0,3.0,0,35
MVs_Virginia.USA_35.21_5,MVs_Virginia.USA_36.21_5,32.0,30.0,9,1,0,0,1,1,0,1.0,2.0,0,0
MVs_Virginia.USA_35.21_5,MVs_Virginia.USA_37.21_2,32.0,28.0,2,2,0,0,1,1,0,1.0,2.0,0,104
MVs_Virginia.USA_35.21_5,MVs_NewMexico.USA_38.21,32.0,45.0,0,3,0,0,0,1,0,1.0,1.0,1,2
MVs_Virginia.USA_35.21_5,MVs_Virginia.USA_35.21,32.0,24.0,9,0,0,0,1,1,0,1.0,2.0,0,104
MVs_Virginia.USA_35.21_5,MVs_Virginia.USA_40.21_3,32.0,40.0,21,5,0,0,0,0,0,1.0,2.0,0,104
MVs_Virginia.USA_35.21_5,MVs_Virginia.USA_39.21_2,32.0,41.0,25,4,0,0,0,0,0,1.0,2.0,0,104
MVs_Virginia.USA_35.21_5,MVs_Virginia.USA_39.21_4,32.0,39.0,14,4,0,0,0,0,0,1.0,2.0,0,104
MVs_Virginia.USA_35.21_5,MVs_Virginia.USA_41.21,32.0,42.0,29,6,0,0,0,0,0,1.0,2.0,0,104
MVs_Virginia.USA_35.21_5,MVs_Virginia.USA_40.21,32.0,43.0,29,5,0,0,0,0,1,1.0,1.0,1,1
MVs_Virginia.USA_35.21_5,MVs_Virginia.USA_38.21,32.0,36.0,14,3,0,0,0,0,1,1.0,1.0,1,0
MVs_Virginia.USA_35.21_5,MVs_Virginia.USA_39.21,32.0,35.0,15,4,0,0,0,0,0,1.0,1.0,1,1
MVs_Virginia.USA_35.21_5,MVs_Virginia.USA_40.21_2,32.0,38.0,17,5,0,0,0,0,0,1.0,2.0,0,104
MVs_Virginia.USA_35.21_5,MVs_Virginia.USA_39.21_3,32.0,37.0,17,4,1,0,0,0,1,1.0,1.0,1,0
MVs_Virginia.USA_35.21_6,MVs_Virginia.USA_36.21,27.0,31.0,8,1,1,0,1,1,1,1.0,1.0,1,3
MVs_Virginia.USA_35.21_6,MVs_Virginia.USA_37.21,27.0,33.0,4,2,1,0,1,1,1,1.0,1.0,1,3
MVs_Virginia.USA_35.21_6,MVs_Virginia.USA_36.21_2,27.0,25.0,14,1,0,0,1,1,1,1.0,1.0,1,4
MVs_Virginia.USA_35.21_6,MVs_Virginia.USA_36.21_4,27.0,29.0,2,1,0,0,1,1,0,1.0,3.0,0,38
MVs_Virginia.USA_35.21_6,MVs_Virginia.USA_36.21_5,27.0,30.0,9,1,0,0,1,1,0,1.0,2.0,0,3
MVs_Virginia.USA_35.21_6,MVs_Virginia.USA_37.21_2,27.0,28.0,2,2,0,0,1,1,0,1.0,2.0,0,107
MVs_Virginia.USA_35.21_6,MVs_NewMexico.USA_38.21,27.0,45.0,0,3,0,0,0,1,0,1.0,1.0,1,6
MVs_Virginia.USA_35.21_6,MVs_Virginia.USA_35.21,27.0,24.0,9,0,0,0,1,1,0,1.0,2.0,0,107
MVs_Virginia.USA_35.21_6,MVs_Virginia.USA_40.21_3,27.0,40.0,21,5,0,0,0,0,0,1.0,2.0,0,107
MVs_Virginia.USA_35.21_6,MVs_Virginia.USA_39.21_2,27.0,41.0,25,4,0,0,0,0,0,1.0,2.0,0,107
MVs_Virginia.USA_35.21_6,MVs_Virginia.USA_39.21_4,27.0,39.0,14,4,0,0,0,0,0,1.0,2.0,0,107
MVs_Virginia.USA_35.21_6,MVs_Virginia.USA_41.21,27.0,42.0,29,6,0,0,0,0,0,1.0,2.0,0,107
MVs_Virginia.USA_35.21_6,MVs_Virginia.USA_40.21,27.0,43.0,29,5,0,0,0,0,1,1.0,1.0,1,4
MVs_Virginia.USA_35.21_6,MVs_Virginia.USA_38.21,27.0,36.0,14,3,0,0,0,0,1,1.0,1.0,1,3
MVs_Virginia.USA_35.21_6,MVs_Virginia.USA_39.21,27.0,35.0,15,4,0,0,0,0,0,1.0,1.0,1,4
MVs_Virginia.USA_35.21_6,MVs_Virginia.USA_40.21_2,27.0,38.0,17,5,0,0,0,0,0,1.0,2.0,0,107
MVs_Virginia.USA_35.21_6,MVs_Virginia.USA_39.21_3,27.0,37.0,17,4,1,0,0,0,1,1.0,1.0,1,3
MVs_Virginia.USA_36.21,MVs_Virginia.USA_37.21,31.0,33.0,4,1,1,0,1,1,1,1.0,1.0,1,0
MVs_Virginia.USA_36.21,MVs_Virginia.USA_36.21_2,31.0,25.0,6,0,0,0,1,1,1,1.0,1.0,1,1
MVs_Virginia.USA_36.21,MVs_Virginia.USA_36.21_4,31.0,29.0,6,0,0,0,1,1,0,1.0,3.0,0,35
MVs_Virginia.USA_36.21,MVs_Virginia.USA_36.21_5,31.0,30.0,1,0,0,0,1,1,0,1.0,2.0,0,0
MVs_Virginia.USA_36.21,MVs_Virginia.USA_37.21_2,31.0,28.0,10,1,0,0,1,1,0,1.0,2.0,0,104
MVs_Virginia.USA_36.21,MVs_NewMexico.USA_38.21,31.0,45.0,8,2,0,0,0,1,0,1.0,1.0,1,3
MVs_Virginia.USA_36.21,MVs_Virginia.USA_35.21,31.0,24.0,1,1,0,0,1,1,0,1.0,2.0,0,104
MVs_Virginia.USA_36.21,MVs_Virginia.USA_40.21_3,31.0,40.0,29,4,0,0,0,0,0,1.0,2.0,0,104
MVs_Virginia.USA_36.21,MVs_Virginia.USA_39.21_2,31.0,41.0,33,3,0,0,0,0,0,1.0,2.0,0,104
MVs_Virginia.USA_36.21,MVs_Virginia.USA_39.21_4,31.0,39.0,22,3,0,0,0,0,0,1.0,2.0,0,104
MVs_Virginia.USA_36.21,MVs_Virginia.USA_41.21,31.0,42.0,37,5,0,0,0,0,0,1.0,2.0,0,104
MVs_Virginia.USA_36.21,MVs_Virginia.USA_40.21,31.0,43.0,37,4,0,0,0,0,1,1.0,1.0,1,1
MVs_Virginia.USA_36.21,MVs_Virginia.USA_38.21,31.0,36.0,22,2,0,0,0,0,1,1.0,1.0,1,0
MVs_Virginia.USA_36.21,MVs_Virginia.USA_39.21,31.0,35.0,23,3,0,0,0,0,0,1.0,1.0,1,1
MVs_Virginia.USA_36.21,MVs_Virginia.USA_40.21_2,31.0,38.0,25,4,0,0,0,0,0,1.0,2.0,0,104
MVs_Virginia.USA_36.21,MVs_Virginia.USA_39.21_3,31.0,37.0,25,3,1,0,0,0,1,1.0,1.0,1,0
MVs_Virginia.USA_37.21,MVs_Virginia.USA_36.21_2,33.0,25.0,10,1,0,0,1,1,1,1.0,1.0,1,1
MVs_Virginia.USA_37.21,MVs_Virginia.USA_36.21_4,33.0,29.0,2,1,0,0,1,1,0,1.0,3.0,0,35
MVs_Virginia.USA_37.21,MVs_Virginia.USA_36.21_5,33.0,30.0,5,1,0,0,1,1,0,1.0,2.0,0,0
MVs_Virginia.USA_37.21,MVs_Virginia.USA_37.21_2,33.0,28.0,6,0,0,0,1,1,0,1.0,2.0,0,104
MVs_Virginia.USA_37.21,MVs_NewMexico.USA_38.21,33.0,45.0,4,1,0,0,0,1,0,1.0,1.0,1,3
MVs_Virginia.USA_37.21,MVs_Virginia.USA_35.21,33.0,24.0,5,2,0,0,1,1,0,1.0,2.0,0,104
MVs_Virginia.USA_37.21,MVs_Virginia.USA_40.21_3,33.0,40.0,25,3,0,0,0,0,0,1.0,2.0,0,104
MVs_Virginia.USA_37.21,MVs_Virginia.USA_39.21_2,33.0,41.0,29,2,0,0,0,0,0,1.0,2.0,0,104
MVs_Virginia.USA_37.21,MVs_Virginia.USA_39.21_4,33.0,39.0,18,2,0,0,0,0,0,1.0,2.0,0,104
MVs_Virginia.USA_37.21,MVs_Virginia.USA_41.21,33.0,42.0,33,4,0,0,0,0,0,1.0,2.0,0,104
MVs_Virginia.USA_37.21,MVs_Virginia.USA_40.21,33.0,43.0,33,3,0,0,0,0,1,1.0,1.0,1,1
MVs_Virginia.USA_37.21,MVs_Virginia.USA_38.21,33.0,36.0,18,1,0,0,0,0,1,1.0,1.0,1,0
MVs_Virginia.USA_37.21,MVs_Virginia.USA_39.21,33.0,35.0,19,2,0,0,0,0,0,1.0,1.0,1,1
MVs_Virginia.USA_37.21,MVs_Virginia.USA_40.21_2,33.0,38.0,21,3,0,0,0,0,0,1.0,2.0,0,104
MVs_Virginia.USA_37.21,MVs_Virginia.USA_39.21_3,33.0,37.0,21,2,1,0,0,0,1,1.0,1.0,1,0
MVs_Virginia.USA_36.21_2,MVs_Virginia.USA_36.21_4,25.0,29.0,12,0,0,0,1,1,0,1.0,3.0,0,36
MVs_Virginia.USA_36.21_2,MVs_Virginia.USA_36.21_5,25.0,30.0,5,0,0,0,1,1,0,1.0,2.0,0,1
MVs_Virginia.USA_36.21_2,MVs_Virginia.USA_37.21_2,25.0,28.0,16,1,0,0,1,1,0,1.0,2.0,0,105
MVs_Virginia.USA_36.21_2,MVs_NewMexico.USA_38.21,25.0,45.0,14,2,0,0,0,1,0,1.0,1.0,1,4
MVs_Virginia.USA_36.21_2,MVs_Virginia.USA_35.21,25.0,24.0,5,1,0,0,1,1,0,1.0,2.0,0,105
MVs_Virginia.USA_36.21_2,MVs_Virginia.USA_40.21_3,25.0,40.0,35,4,0,0,0,0,0,1.0,2.0,0,105
MVs_Virginia.USA_36.21_2,MVs_Virginia.USA_39.21_2,25.0,41.0,39,3,0,0,0,0,0,1.0,2.0,0,105
MVs_Virginia.USA_36.21_2,MVs_Virginia.USA_39.21_4,25.0,39.0,28,3,0,0,0,0,0,1.0,2.0,0,105
MVs_Virginia.USA_36.21_2,MVs_Virginia.USA_41.21,25.0,42.0,43,5,0,0,0,0,0,1.0,2.0,0,105
MVs_Virginia.USA_36.21_2,MVs_Virginia.USA_40.21,25.0,43.0,43,4,0,0,0,0,1,1.0,1.0,1,2
MVs_Virginia.USA_36.21_2,MVs_Virginia.USA_38.21,25.0,36.0,28,2,0,0,0,0,1,1.0,1.0,1,1
MVs_Virginia.USA_36.21_2,MVs_Virginia.USA_39.21,25.0,35.0,29,3,0,0,0,0,0,1.0,1.0,1,2
MVs_Virginia.USA_36.21_2,MVs_Virginia.USA_40.21_2,25.0,38.0,31,4,0,0,0,0,0,1.0,2.0,0,105
MVs_Virginia.USA_36.21_2,MVs_Virginia.USA_39.21_3,25.0,37.0,31,3,0,0,0,0,1,1.0,1.0,1,1
MVs_Virginia.USA_36.21_4,MVs_Virginia.USA_36.21_5,29.0,30.0,7,0,0,0,1,1,0,3.0,2.0,0,35
MVs_Virginia.USA_36.21_4,MVs_Virginia.USA_37.21_2,29.0,28.0,4,1,0,0,1,1,0,3.0,2.0,0,100
MVs_Virginia.USA_36.21_4,MVs_NewMexico.USA_38.21,29.0,45.0,2,2,0,0,0,1,0,3.0,1.0,0,38
MVs_Virginia.USA_36.21_4,MVs_Virginia.USA_35.21,29.0,24.0,7,1,0,0,1,1,0,3.0,2.0,0,100
MVs_Virginia.USA_36.21_4,MVs_Virginia.USA_40.21_3,29.0,40.0,23,4,0,0,0,0,0,3.0,2.0,0,100
MVs_Virginia.USA_36.21_4,MVs_Virginia.USA_39.21_2,29.0,41.0,27,3,0,0,0,0,0,3.0,2.0,0,100
MVs_Virginia.USA_36.21_4,MVs_Virginia.USA_39.21_4,29.0,39.0,16,3,0,0,0,0,0,3.0,2.0,0,100
MVs_Virginia.USA_36.21_4,MVs_Virginia.USA_41.21,29.0,42.0,31,5,0,0,0,0,0,3.0,2.0,0,100
MVs_Virginia.USA_36.21_4,MVs_Virginia.USA_40.21,29.0,43.0,31,4,0,0,0,0,0,3.0,1.0,0,36
MVs_Virginia.USA_36.21_4,MVs_Virginia.USA_38.21,29.0,36.0,16,2,0,0,0,0,0,3.0,1.0,0,35
MVs_Virginia.USA_36.21_4,MVs_Virginia.USA_39.21,29.0,35.0,17,3,0,0,0,0,0,3.0,1.0,0,36
MVs_Virginia.USA_36.21_4,MVs_Virginia.USA_40.21_2,29.0,38.0,19,4,0,0,0,0,0,3.0,2.0,0,100
MVs_Virginia.USA_36.21_4,MVs_Virginia.USA_39.21_3,29.0,37.0,19,3,0,0,0,0,0,3.0,1.0,0,35
MVs_Virginia.USA_36.21_5,MVs_Virginia.USA_37.21_2,30.0,28.0,11,1,1,0,1,1,0,2.0,2.0,1,104
MVs_Virginia.USA_36.21_5,MVs_NewMexico.USA_38.21,30.0,45.0,9,2,0,0,0,1,0,2.0,1.0,0,2
MVs_Virginia.USA_36.21_5,MVs_Virginia.USA_35.21,30.0,24.0,0,1,0,0,1,1,0,2.0,2.0,1,104
MVs_Virginia.USA_36.21_5,MVs_Virginia.USA_40.21_3,30.0,40.0,30,4,0,0,0,0,0,2.0,2.0,1,104
MVs_Virginia.USA_36.21_5,MVs_Virginia.USA_39.21_2,30.0,41.0,34,3,0,0,0,0,0,2.0,2.0,1,104
MVs_Virginia.USA_36.21_5,MVs_Virginia.USA_39.21_4,30.0,39.0,23,3,0,0,0,0,0,2.0,2.0,1,104
MVs_Virginia.USA_36.21_5,MVs_Virginia.USA_41.21,30.0,42.0,38,5,0,0,0,0,0,2.0,2.0,1,104
MVs_Virginia.USA_36.21_5,MVs_Virginia.USA_40.21,30.0,43.0,38,4,0,0,0,0,0,2.0,1.0,0,1
MVs_Virginia.USA_36.21_5,MVs_Virginia.USA_38.21,30.0,36.0,23,2,0,0,0,0,0,2.0,1.0,0,0
MVs_Virginia.USA_36.21_5,MVs_Virginia.USA_39.21,30.0,35.0,24,3,0,0,0,0,0,2.0,1.0,0,1
MVs_Virginia.USA_36.21_5,MVs_Virginia.USA_40.21_2,30.0,38.0,26,4,0,0,0,0,0,2.0,2.0,1,104
MVs_Virginia.USA_36.21_5,MVs_Virginia.USA_39.21_3,30.0,37.0,26,3,0,0,0,0,0,2.0,1.0,0,0
MVs_Virginia.USA_37.21_2,MVs_NewMexico.USA_38.21,28.0,45.0,2,1,0,0,0,1,0,2.0,1.0,0,107
MVs_Virginia.USA_37.21_2,MVs_Virginia.USA_35.21,28.0,24.0,11,2,0,0,1,1,1,2.0,2.0,1,0
MVs_Virginia.USA_37.21_2,MVs_Virginia.USA_40.21_3,28.0,40.0,19,3,0,0,0,0,1,2.0,2.0,1,0
MVs_Virginia.USA_37.21_2,MVs_Virginia.USA_39.21_2,28.0,41.0,23,2,0,0,0,0,1,2.0,2.0,1,0
MVs_Virginia.USA_37.21_2,MVs_Virginia.USA_39.21_4,28.0,39.0,12,2,0,0,0,0,1,2.0,2.0,1,0
MVs_Virginia.USA_37.21_2,MVs_Virginia.USA_41.21,28.0,42.0,27,4,0,0,0,0,1,2.0,2.0,1,0
MVs_Virginia.USA_37.21_2,MVs_Virginia.USA_40.21,28.0,43.0,27,3,0,0,0,0,0,2.0,1.0,0,105
MVs_Virginia.USA_37.21_2,MVs_Virginia.USA_38.21,28.0,36.0,12,1,0,0,0,0,0,2.0,1.0,0,104
MVs_Virginia.USA_37.21_2,MVs_Virginia.USA_39.21,28.0,35.0,13,2,0,0,0,0,0,2.0,1.0,0,105
MVs_Virginia.USA_37.21_2,MVs_Virginia.USA_40.21_2,28.0,38.0,15,3,0,0,0,0,1,2.0,2.0,1,0
MVs_Virginia.USA_37.21_2,MVs_Virginia.USA_39.21_3,28.0,37.0,15,2,0,0,0,0,0,2.0,1.0,0,104
MVs_NewMexico.USA_38.21,MVs_Virginia.USA_35.21,45.0,24.0,9,3,0,0,0,1,0,1.0,2.0,0,107
MVs_NewMexico.USA_38.21,MVs_Virginia.USA_40.21_3,45.0,40.0,21,2,0,0,0,0,0,1.0,2.0,0,107
MVs_NewMexico.USA_38.21,MVs_Virginia.USA_39.21_2,45.0,41.0,25,1,0,0,0,0,0,1.0,2.0,0,106
MVs_NewMexico.USA_38.21,MVs_Virginia.USA_39.21_4,45.0,39.0,14,1,0,0,0,0,0,1.0,2.0,0,107
MVs_NewMexico.USA_38.21,MVs_Virginia.USA_41.21,45.0,42.0,29,3,0,0,0,0,0,1.0,2.0,0,106
MVs_NewMexico.USA_38.21,MVs_Virginia.USA_40.21,45.0,43.0,29,2,0,0,0,0,0,1.0,1.0,1,4
MVs_NewMexico.USA_38.21,MVs_Virginia.USA_38.21,45.0,36.0,14,0,0,0,0,0,0,1.0,1.0,1,3
MVs_NewMexico.USA_38.21,MVs_Virginia.USA_39.21,45.0,35.0,15,1,0,0,0,0,0,1.0,1.0,1,2
MVs_NewMexico.USA_38.21,MVs_Virginia.USA_40.21_2,45.0,38.0,17,2,0,0,0,0,0,1.0,2.0,0,107
MVs_NewMexico.USA_38.21,MVs_Virginia.USA_39.21_3,45.0,37.0,17,1,0,0,0,0,0,1.0,1.0,1,3
MVs_Virginia.USA_35.21,MVs_Virginia.USA_40.21_3,24.0,40.0,30,5,0,0,0,0,1,2.0,2.0,1,0
MVs_Virginia.USA_35.21,MVs_Virginia.USA_39.21_2,24.0,41.0,34,4,0,0,0,0,1,2.0,2.0,1,0
MVs_Virginia.USA_35.21,MVs_Virginia.USA_39.21_4,24.0,39.0,23,4,0,0,0,0,1,2.0,2.0,1,0
MVs_Virginia.USA_35.21,MVs_Virginia.USA_41.21,24.0,42.0,38,6,0,0,0,0,1,2.0,2.0,1,0
MVs_Virginia.USA_35.21,MVs_Virginia.USA_40.21,24.0,43.0,38,5,0,0,0,0,0,2.0,1.0,0,105
MVs_Virginia.USA_35.21,MVs_Virginia.USA_38.21,24.0,36.0,23,3,0,0,0,0,0,2.0,1.0,0,104
MVs_Virginia.USA_35.21,MVs_Virginia.USA_39.21,24.0,35.0,24,4,0,0,0,0,0,2.0,1.0,0,105
MVs_Virginia.USA_35.21,MVs_Virginia.USA_40.21_2,24.0,38.0,26,5,0,0,0,0,1,2.0,2.0,1,0
MVs_Virginia.USA_35.21,MVs_Virginia.USA_39.21_3,24.0,37.0,26,4,0,0,0,0,0,2.0,1.0,0,104
MVs_Virginia.USA_40.21_3,MVs_Virginia.USA_39.21_2,40.0,41.0,4,1,0,0,1,1,1,2.0,2.0,1,0
MVs_Virginia.USA_40.21_3,MVs_Virginia.USA_39.21_4,40.0,39.0,7,1,0,0,1,1,1,2.0,2.0,1,0
MVs_Virginia.USA_40.21_3,MVs_Virginia.USA_41.21,40.0,42.0,8,1,0,0,1,1,1,2.0,2.0,1,0
MVs_Virginia.USA_40.21_3,MVs_Virginia.USA_40.21,40.0,43.0,8,0,0,0,1,1,0,2.0,1.0,0,105
MVs_Virginia.USA_40.21_3,MVs_Virginia.USA_38.21,40.0,36.0,7,2,0,0,1,1,0,2.0,1.0,0,104
MVs_Virginia.USA_40.21_3,MVs_Virginia.USA_39.21,40.0,35.0,6,1,0,0,1,1,0,2.0,1.0,0,105
MVs_Virginia.USA_40.21_3,MVs_Virginia.USA_40.21_2,40.0,38.0,4,0,0,0,1,1,1,2.0,2.0,1,0
MVs_Virginia.USA_40.21_3,MVs_Virginia.USA_39.21_3,40.0,37.0,4,1,0,0,1,1,0,2.0,1.0,0,104
MVs_Virginia.USA_39.21_2,MVs_Virginia.USA_39.21_4,41.0,39.0,11,0,0,1,1,1,1,2.0,2.0,1,0
MVs_Virginia.USA_39.21_2,MVs_Virginia.USA_41.21,41.0,42.0,4,2,0,1,1,1,1,2.0,2.0,1,0
MVs_Virginia.USA_39.21_2,MVs_Virginia.USA_40.21,41.0,43.0,4,1,0,1,1,1,0,2.0,1.0,0,105
MVs_Virginia.USA_39.21_2,MVs_Virginia.USA_38.21,41.0,36.0,11,1,0,0,1,1,0,2.0,1.0,0,104
MVs_Virginia.USA_39.21_2,MVs_Virginia.USA_39.21,41.0,35.0,10,0,0,0,1,1,0,2.0,1.0,0,105
MVs_Virginia.USA_39.21_2,MVs_Virginia.USA_40.21_2,41.0,38.0,8,1,0,0,1,1,1,2.0,2.0,1,0
MVs_Virginia.USA_39.21_2,MVs_Virginia.USA_39.21_3,41.0,37.0,8,0,0,0,1,1,0,2.0,1.0,0,104
MVs_Virginia.USA_39.21_4,MVs_Virginia.USA_41.21,39.0,42.0,15,2,0,1,1,1,1,2.0,2.0,1,0
MVs_Virginia.USA_39.21_4,MVs_Virginia.USA_40.21,39.0,43.0,15,1,0,1,1,1,0,2.0,1.0,0,105
MVs_Virginia.USA_39.21_4,MVs_Virginia.USA_38.21,39.0,36.0,0,1,0,0,1,1,0,2.0,1.0,0,104
MVs_Virginia.USA_39.21_4,MVs_Virginia.USA_39.21,39.0,35.0,1,0,0,0,1,1,0,2.0,1.0,0,105
MVs_Virginia.USA_39.21_4,MVs_Virginia.USA_40.21_2,39.0,38.0,3,1,0,0,1,1,1,2.0,2.0,1,0
MVs_Virginia.USA_39.21_4,MVs_Virginia.USA_39.21_3,39.0,37.0,3,0,0,0,1,1,0,2.0,1.0,0,104
MVs_Virginia.USA_41.21,MVs_Virginia.USA_40.21,42.0,43.0,0,1,0,1,1,1,0,2.0,1.0,0,105
MVs_Virginia.USA_41.21,MVs_Virginia.USA_38.21,42.0,36.0,15,3,0,0,1,1,0,2.0,1.0,0,104
MVs_Virginia.USA_41.21,MVs_Virginia.USA_39.21,42.0,35.0,14,2,0,0,1,1,0,2.0,1.0,0,105
MVs_Virginia.USA_41.21,MVs_Virginia.USA_40.21_2,42.0,38.0,12,1,0,0,1,1,1,2.0,2.0,1,0
MVs_Virginia.USA_41.21,MVs_Virginia.USA_39.21_3,42.0,37.0,12,2,0,0,1,1,0,2.0,1.0,0,104
MVs_Virginia.USA_40.21,MVs_Virginia.USA_38.21,43.0,36.0,15,2,0,0,1,1,1,1.0,1.0,1,1
MVs_Virginia.USA_40.21,MVs_Virginia.USA_39.21,43.0,35.0,14,1,0,0,1,1,0,1.0,1.0,1,2
MVs_Virginia.USA_40.21,MVs_Virginia.USA_40.21_2,43.0,38.0,12,0,0,0,1,1,0,1.0,2.0,0,105
MVs_Virginia.USA_40.21,MVs_Virginia.USA_39.21_3,43.0,37.0,12,1,0,0,1,1,1,1.0,1.0,1,1
MVs_Virginia.USA_38.21,MVs_Virginia.USA_39.21,36.0,35.0,1,1,0,0,1,1,0,1.0,1.0,1,1
MVs_Virginia.USA_38.21,MVs_Virginia.USA_40.21_2,36.0,38.0,3,2,0,0,1,1,0,1.0,2.0,0,104
MVs_Virginia.USA_38.21,MVs_Virginia.USA_39.21_3,36.0,37.0,3,1,0,0,1,1,1,1.0,1.0,1,0
MVs_Virginia.USA_39.21,MVs_Virginia.USA_40.21_2,35.0,38.0,2,1,0,0,1,1,0,1.0,2.0,0,105
MVs_Virginia.USA_39.21,MVs_Virginia.USA_39.21_3,35.0,37.0,2,0,0,0,1,1,0,1.0,1.0,1,1
MVs_Virginia.USA_40.21_2,MVs_Virginia.USA_39.21_3,38.0,37.0,0,1,0,0,1,1,0,2.0,1.0,0,104
