,0,1,2,3,4,5,6,7,8,9,10,11,12,13,14,15,16,17,18,19,20,21,22,23,24,25,26,27,28,29,30,31,32,33,34,35,36,37,38,39,40
MVs_Wisconsin.USA_39.21_8_2,0.999724472378654,-0.021837611715551628,-0.003513672868587121,0.006874473799039023,0.0007695717182241483,0.0010865267000684856,0.0032194911739554235,0.00015731246682051104,-0.0002877065602296918,0.000457475355031761,-0.0002240815302510125,0.0008433227942096655,0.0004427980568462875,-0.00023947117620448218,0.0002009340261120083,7.905714039750279e-05,-0.00010070333372322295,-5.4393113007811976e-05,-0.0005160136083624426,0.0001773204261383436,-0.0004719185186740796,0.00042334952973750695,-0.0002657747959284312,7.7029699015668e-05,-0.00015457974484301933,-1.894693639482387e-05,0.00033222612310941386,-8.591096705420495e-05,0.00020479881247540544,-6.581887540684775e-05,3.628350332858521e-16,-1.3342056409335057e-15,-1.273615680150511e-16,-3.252945330635415e-16,-1.9055327519883203e-15,1.5885255892807149e-16,-1.4499171177920211e-16,2.3887811420228965e-17,1.7107741487887838e-16,-8.819984673169579e-17,2.287802109215975e-16
MVs_Wisconsin.USA_39.21_15,0.9997238255466769,-0.02181422340826453,-0.003557670780322812,0.0069248711754620424,0.0007274732599382791,0.0001947575264683131,0.003042676446003071,0.0003757951644251417,-0.0006882355367122708,0.0002567061746950283,-0.00036037492739550496,0.0003333366893370334,-0.0007218879061058449,0.0005231462990975347,0.0007063442620133154,-0.0005464186597209142,-0.0005487930218243356,0.0005732236420031991,-0.0002491449345002075,-0.000981682548012967,0.00024086289958839867,0.0007768140055273481,0.0009328141454789837,-5.168459193448616e-05,-0.00010803054837523545,-0.0003251995767296068,-0.00018783418994998462,0.00031800073269897997,8.729798989535888e-05,0.00010524288942827913,6.78554705913631e-16,2.683115773831346e-15,4.0241518884515104e-16,4.609688824229463e-16,-2.0914869770967404e-15,-1.1458661710456175e-16,1.6038806025485408e-15,5.929950608785269e-16,3.903358703600392e-16,-1.6317784796993084e-15,7.9472019243187475e-16
MVs_Wisconsin.USA_39.21_14,0.9997246227804835,-0.021832573294169145,-0.0035125003389494197,0.006875271741741161,0.0007612080280730454,0.0010293638146426155,0.0032387667649135653,0.00013991827560732488,-0.0003092265610287284,0.0004683217191866749,-0.000256080325050009,0.0008525543597092312,0.00043691822174371395,-0.00021751110264432464,0.00016442177218020765,2.6142892961334577e-05,-0.0001069985231054515,-3.18176033806989e-06,-0.000552094363760793,0.00014743980602509166,-0.000459529685664616,0.0004160537302555308,-0.00023113287524422293,-2.0774976494225555e-05,4.104278103269171e-05,3.9723071849102066e-05,-0.00010530510253676105,-8.164218773240934e-06,-0.0003023316281892669,8.285824330698351e-05,-2.502128549925625e-15,1.6944724703232827e-16,-3.966367300789822e-16,-8.597926515717391e-16,1.7547134535320086e-17,-1.0336173648754776e-15,-6.3358064454621665e-18,1.8701322805072477e-16,-1.9100335541977846e-16,1.1118357753567287e-15,6.342582709040201e-18
MVs_Wisconsin.USA_39.21_13,0.9997246227804835,-0.021832573294169145,-0.0035125003389494197,0.006875271741741161,0.0007612080280730454,0.0010293638146426155,0.0032387667649135653,0.00013991827560732488,-0.0003092265610287284,0.0004683217191866749,-0.000256080325050009,0.0008525543597092312,0.00043691822174371395,-0.00021751110264432464,0.00016442177218020765,2.6142892961334577e-05,-0.0001069985231054515,-3.18176033806989e-06,-0.000552094363760793,0.00014743980602509166,-0.000459529685664616,0.0004160537302555308,-0.00023113287524422293,-2.0774976494225555e-05,4.104278103269171e-05,3.9723071849102066e-05,-0.00010530510253676105,-8.164218773240934e-06,-0.0003023316281892669,8.285824330698351e-05,-2.502128549925625e-15,1.6944724703232827e-16,-3.966367300789822e-16,-8.597926515717391e-16,1.7547134535320086e-17,-1.0336173648754776e-15,-6.3358064454621665e-18,1.8701322805072477e-16,-1.9100335541977846e-16,1.1118357753567287e-15,6.342582709040201e-18
MVs_Wisconsin.USA_39.21_12,0.9997506076395042,-0.020593899304720192,-0.0019508483578257975,-0.0034646804827012092,-0.000909345177568243,-0.001523905853628973,0.0016719083325444407,0.0024896697767337428,0.0016269577211082914,-0.0009713749198555327,0.0017936018885349619,-0.001374581975818735,-0.0033005373982856307,0.0016478762003803347,0.0035950603581127935,0.00322434999517718,0.0005403301719917601,-0.00016539427622036266,0.00011935383897363332,0.0007554507484687873,-0.00033373111634434505,8.32772119151556e-06,-0.00013292276889077762,9.607943311185252e-06,-4.989039476866189e-08,1.1751180986021483e-06,-1.4564138612979327e-05,1.932268917994685e-05,-7.020058598688971e-06,3.5210687662441013e-07,-3.4998927042097228e-15,-6.346648467187022e-17,-1.7100595706186564e-15,1.1141871388183067e-15,1.0247133545339404e-15,-5.457602685748908e-17,1.0680746651697826e-16,-2.0571190387783708e-16,1.0394692044881473e-15,1.1927579150056156e-16,-3.4446458272580083e-16
MVs_Wisconsin.USA_39.21_11,0.9997728177317937,-0.020541471613305252,-0.001960826066391606,-0.0032602059118157765,-0.0008617021536390413,-0.0018586892990566373,0.001082330190943489,0.001871366108593325,0.000912065867684788,-0.0006105589300954946,0.0007635170347119478,-0.0007101999108133179,-0.0005804137138705063,0.0003055527366212943,-9.97643285672639e-05,-0.0008894618138758809,-0.00024988134381161083,0.00017928793863894636,-1.6657386240826855e-05,-0.0019222034103033498,0.0008431936383142652,-6.0018009311461074e-05,-0.0007667443165418836,-0.0004690969749462945,6.7539471145548e-05,0.00033301079387232434,1.016561917841274e-05,0.00024171863488731916,6.229310741740182e-05,5.413237219939254e-05,3.379559815590988e-15,1.0475561390554944e-15,5.599971983523411e-16,7.7549593266099115e-16,-1.2169559522427764e-15,1.340751511549887e-16,1.330112777732373e-16,4.4670569462413115e-16,-3.6588066597915804e-16,6.478650081687132e-16,-2.7442512238323724e-16
MVs_Wisconsin.USA_39.21_10,0.9996683649183886,-0.021752698308788933,-0.004323910317111558,0.00895475437356972,0.001266739609360197,-0.00540700604845274,-0.0037381707961893973,-0.0011470533569817147,-0.00016842561265943448,0.0025549039320211502,0.0027832331394793655,0.000574042340542666,-0.003977637672035481,-0.0027897435632563417,-0.002496294536727567,0.00033218151096363455,0.00037340687448125136,-6.180465104575753e-05,-5.619959272674955e-05,0.0002559294909129004,0.0003618907700856735,-0.0001740297134222523,4.983158773874995e-05,9.149120114608608e-05,4.895405476309451e-05,4.4357306859891435e-05,9.567892080822129e-06,9.383777756241127e-06,-4.2737418020480327e-07,-1.2098049416383942e-06,2.6869037051714673e-15,1.422527460409606e-15,-1.4920095730728763e-15,1.0467904212711765e-15,-4.2571875929001135e-16,8.825100752170995e-16,6.352950392314594e-16,1.149938917214253e-15,-9.225047078202916e-17,-4.3903411722084895e-16,-5.4643789493269423e-17
MVs_Wisconsin.USA_39.21_8_1,0.9997045675364195,-0.021486414122302337,-0.0034163259275301976,0.007165952610747664,-0.0003532560475076784,0.007123800309801306,-0.0019862565928022583,-0.0003574196337798053,-0.00014654788380706927,-0.0012779718938811043,0.001652969526876182,0.0016487138753222684,-0.0005648591133280108,0.0008860508266128584,0.0006813762696429022,-0.0007540882675392223,-0.00036389759567952157,0.0003378218261924194,-0.00023330015867652494,-0.0010180986135896175,-0.0006005722359176826,-0.00018388273456654644,-9.300182154686685e-06,-0.00017810467365013337,-6.408891023503748e-05,9.357467258394456e-05,-0.0002156362956698001,-0.00011282463815472614,-4.629155095042724e-05,-0.00025068003639407973,3.076227152783856e-15,3.71881345162528e-17,6.114408973708838e-16,-8.55842089905745e-18,-3.7860678676372717e-16,-4.580855822704927e-16,3.3760700398483e-16,3.206242051506181e-16,-3.359721443698455e-16,-4.634422186289289e-16,-2.0144476364780672e-16
MVs_Wisconsin.USA_39.21_7,0.9997503935384453,-0.020453988782319944,-0.0017475012007632702,-0.0032238359174062243,-0.0017794426889075456,0.004271841245319907,-0.002497456896019519,0.001561719532408484,0.001992433842292292,-0.0005280160175602803,0.0014173957456404024,-0.002799056786384234,0.0011149808603348348,-0.0020806943961077327,9.428688176494955e-06,-2.9688487039704463e-05,-0.0018524420857934161,0.0036104778782930402,-0.0003062725332157469,0.0008813529269310485,0.00014051872568775494,0.0004641995749574948,-5.6378149601188596e-05,2.573115214908857e-05,-6.429931110422803e-05,-1.4086347139960044e-06,8.634109647520014e-06,4.92069357202197e-06,-5.378646375208598e-06,2.6326801800324997e-06,-1.2542321781855437e-15,-3.5565897015671366e-16,-1.557236192209141e-16,-1.9373337569600357e-17,-2.7905093871478243e-15,2.992499640013663e-16,-7.708745209007717e-16,4.822169156630573e-16,-1.2358938619379289e-18,-1.4605694041366912e-15,3.614187941980429e-16
MVs_Wisconsin.USA_39.21_6,0.9997715547653307,-0.020554555667780416,-0.0018945023565789154,-0.0033398814852847584,-0.0008248067173905383,-0.00025616759042542666,0.0016424305524748767,0.0016534134951650737,0.0016524793759344774,-0.00025367491660984663,0.0010178513421498666,0.00021368334289128226,0.001269400006718275,-0.0011267912206498133,-0.00042325359744061435,0.0003447992506199937,0.0005398009313520794,-0.0012208048505724662,0.0013684956772280275,5.5613834901326295e-05,0.0009093859028608283,0.00035099117724922874,0.00014227377262156525,0.00035636194693035723,-0.0012384460913184615,0.00014562814290511046,-0.00020884903865503216,1.982289882283055e-05,-0.0001118635304091944,-7.06471583156954e-05,4.45694506691699e-15,-7.5331722197008455e-16,-1.947313499144586e-15,3.285877971624662e-16,6.525101368514558e-16,2.412485359051808e-16,-2.4751522446214702e-15,-2.1643428219889245e-16,3.2469612413864104e-16,-2.7250066352707547e-16,2.0200041726120554e-16
MVs_Wisconsin.USA_39.21_5,0.99977490899882,-0.020569854515600727,-0.0018885341926871333,-0.0033448057008033847,-0.0007993531493767368,-0.00038357212199344263,0.0016364258525689245,0.0015827177622170106,0.001547970165171576,-0.000198660113004982,0.0008779712968256554,7.426592104193454e-05,0.0009809435219443323,-0.0007107365688844053,-0.0005457330795714667,0.00034721248743802176,0.00040672596637447164,-0.0005285684008676325,-0.0005211545249184751,-0.00023452264123149087,2.3704553283202787e-05,-0.0003764631937246834,5.410011260653897e-05,-1.3035217788587958e-05,0.0001978281726378218,-5.0570656673384396e-05,0.00013729351386793692,-0.00014913221140493065,0.0004119543750769749,-0.00014854730849057893,2.067810712155088e-15,-8.265415261943243e-16,6.645075115163657e-16,2.233795288499041e-16,-2.5340955733550025e-15,7.165051700824127e-16,-7.243148138560973e-17,1.2468049697875443e-16,4.423945417680681e-16,-5.12122896173528e-16,-8.883681550803102e-17
MVs_Wisconsin.USA_39.21_4,0.9997523198409571,-0.020556612487481196,-0.0019671362391494233,-0.003136437890621009,-0.0008399435333185476,-0.0021962616144800533,0.0008439645465010028,0.002284751868648732,0.0028526032996727827,-0.0030938551622890047,-0.0013228755870506263,-0.0008180669185335946,-0.0022901983896397677,0.0008415384204922681,-0.001076915313662594,-0.003939094156575992,-0.0010534552115605761,-0.001089275556536254,3.686993420011029e-05,0.001369740159292414,-0.0007715278238429037,8.72990938782604e-05,0.00012743630799696908,-6.185743641975378e-05,-3.9281933967979756e-05,-9.510438496235887e-06,3.6842345681696885e-06,7.340358541681253e-08,-7.526944460518435e-07,-3.554848675457309e-08,-9.057831524758586e-17,-2.6164508927506436e-15,5.369053861442943e-16,-2.118022825268323e-15,1.271237211634621e-15,2.824380540642629e-16,7.022851809639075e-16,4.474748005402381e-16,-2.366186339631541e-16,-8.323284552899657e-16,-6.550885051428978e-16
MVs_Wisconsin.USA_39.21_3,0.9996770160566412,-0.02196112135143186,-0.0033701322246190283,0.00752927615044716,-0.00021583074736055948,0.006485782132100496,-0.0010883355285019236,-0.0001517565279553194,-0.00039114651472081863,0.000993766639216649,-0.0007697148665922804,-0.005646794541235193,0.00028352429037494344,0.0026312912842061985,-0.0023107490901557635,0.00036844318421939076,0.002440203244498364,-0.0003387091002463119,6.622948351713234e-05,9.022733030117052e-05,0.00015675552347120986,-1.0522752568009057e-05,1.3226305017632288e-05,5.1945968215829565e-06,-5.003836721061485e-06,-1.9044645732404348e-06,-1.4884931492287845e-06,6.535943550156863e-07,9.282334894131771e-07,6.185977999948517e-07,-2.88953431494543e-16,1.76087985338802e-16,-8.316305001414281e-16,8.496214799411095e-16,5.904565031356057e-16,-1.0441646191346882e-15,-1.901317916042783e-15,2.5095532172247827e-16,-1.321457953896006e-16,-1.301191684781322e-15,3.1326666521253044e-16
MVs_Wisconsin.USA_39.21_2,0.999724472378654,-0.021837611715551628,-0.003513672868587121,0.006874473799039023,0.0007695717182241483,0.0010865267000684856,0.0032194911739554235,0.00015731246682051104,-0.0002877065602296918,0.000457475355031761,-0.0002240815302510125,0.0008433227942096655,0.0004427980568462875,-0.00023947117620448218,0.0002009340261120083,7.905714039750279e-05,-0.00010070333372322295,-5.4393113007811976e-05,-0.0005160136083624426,0.0001773204261383436,-0.0004719185186740796,0.00042334952973750695,-0.0002657747959284312,7.7029699015668e-05,-0.00015457974484301933,-1.894693639482387e-05,0.00033222612310941386,-8.591096705420495e-05,0.00020479881247540544,-6.581887540684775e-05,3.628350332858521e-16,-1.3342056409335057e-15,-1.273615680150511e-16,-3.252945330635415e-16,-1.9055327519883203e-15,1.5885255892807149e-16,-1.4499171177920211e-16,2.3887811420228965e-17,1.7107741487887838e-16,-8.819984673169579e-17,2.287802109215975e-16
MVs_Wisconsin.USA_39.21,0.9997750596373559,-0.020564794953217398,-0.0018873343867104172,-0.0033441795638193697,-0.0008077429101625923,-0.0004407576584404552,0.001655674137636039,0.0015653481569848917,0.0015264817954417167,-0.00018782516880273576,0.0008459921794384612,8.348422649013902e-05,0.0009750729440031669,-0.0006887852079538044,-0.0005822565682674793,0.00029430465426694895,0.00040043953315112713,-0.00047736686403425805,-0.0005572340661063615,-0.00026440910713549623,3.6101270878077556e-05,-0.0003837721743423502,8.874616167708344e-05,-0.00011083788244926322,0.00039344957211088263,8.096705627369647e-06,-0.0003002252204104032,-7.138932764366836e-05,-9.515430728608712e-05,1.2306155009727348e-07,2.928335200193255e-15,-2.242509563460393e-15,3.2674126533745185e-16,-3.0637520515366945e-16,-1.383137040230492e-16,4.506994549704352e-16,2.3038618538959166e-16,2.8864087633700616e-16,-3.166401790657626e-16,-1.096900890430741e-15,3.96099711190423e-16
MVs_Wisconsin.USA_38.21,0.9996399096569666,-0.022422009379407623,-0.004347185563075869,0.009119868069806877,0.0012666434001805242,-0.005895055295095664,-0.004378092671608604,-0.0009596557498312251,0.0008878466531156566,-0.006012009292952514,-0.00403447736881256,0.00036616705300274193,0.0005621880774484118,-0.0009938178465939646,-0.00015922469717311432,0.0018420144296410034,0.0005871352625311142,0.00033964078305209424,-5.235172873608424e-05,-0.00023943219394746506,0.0004237131307882116,-0.00012808374142157865,-1.3965222517545194e-06,7.292133447605617e-05,4.0850229067133565e-05,3.077437302762444e-05,5.361387851584081e-06,6.003160336869201e-06,-1.1868241295246056e-07,-7.366165365109944e-07,-8.102310597619955e-16,8.475750483405431e-17,-4.685837086187625e-16,-3.692928124757189e-16,1.144595621624736e-15,9.065725871826996e-16,2.9701718515240394e-16,2.5041533821860366e-16,-4.743594343801874e-16,1.36183924380473e-15,8.419371970436185e-16
MVs_Wisconsin.USA_37.21_5,0.9997423600003996,-0.02091953322615853,-0.0025898473061587916,-0.0020113715853258807,-0.0004900627208465699,-0.005949873378231049,-0.004119585938767854,0.0007714608432235573,0.0016900008541015099,0.0004443787732962709,0.0020474085980294815,-0.000673916972030737,0.0015655036188841232,0.0005791556315888816,0.00039693450664154517,-0.0003636108413358045,0.00010613380712116224,-0.000545377960951192,5.031439055011449e-05,-0.001052244556383009,-0.0008906081797039677,0.0005301681662828852,0.0004069893884362455,0.00029310903540816604,0.0002676594134834892,3.4398394943515966e-06,-9.365703244675073e-05,-0.00015441280758295232,-2.6187270717771326e-05,4.118846940318051e-05,3.719348776447945e-15,1.827246578871289e-15,3.4535057918862883e-16,2.6888891503998313e-16,8.731215620297328e-18,2.6556515775495726e-16,7.643625316022806e-17,3.8097149099422436e-16,9.915488184230476e-16,-2.752247214854453e-16,4.451056493867678e-16
MVs_Wisconsin.USA_37.21_4,0.9996791661122413,-0.020753916757232954,-0.0017795995424230017,-0.005482776874728804,-0.00219245773398297,-0.0006008194649491727,0.0036298881363220625,-0.012291362170306486,0.002134295044879328,-0.0010300390722933325,0.0010505828342727678,-0.0011325065309428465,-0.00015228564716695536,-0.00011253956309441104,0.00028132770116472356,-0.0001571287100801008,-0.0001881811731114697,-7.887841484859078e-05,2.5434050872927642e-06,-8.027324513670053e-05,7.7022291861906e-06,9.388570416713074e-06,2.6377951126827217e-06,-2.4074517767891897e-06,-2.5424378467437617e-06,7.13101286871039e-07,1.830005057166823e-06,1.2700298470666406e-07,-3.643116143159912e-08,3.315133766061453e-08,8.059484611806778e-16,-1.5638261085387795e-15,-2.982760455186133e-15,-6.603468856794525e-17,5.924046789142906e-16,3.9231516798209076e-16,1.16802455294579e-16,-2.5971830107829764e-16,-1.7145799736999158e-18,2.0209528495129803e-16,3.8776490698944066e-16
MVs_Wisconsin.USA_37.21_3,0.9994206291245529,-0.02131404530400658,0.006578929385491244,-0.006985568528048443,0.024623479550855927,0.002129935222062594,-0.0008322586806247657,-0.0005400896327261062,-0.0004041946269358308,3.073088122591868e-05,-0.00014742678813915613,-1.871847056905641e-05,-8.843203398685884e-05,5.46240372433992e-05,2.729303412460631e-05,-1.7767290788259975e-05,-2.537609240915007e-05,2.7624954505489966e-05,2.5121761373790206e-05,2.162688216491253e-06,-4.855083038977983e-06,4.229779892904776e-06,-8.035712509205282e-07,-3.9770421660722316e-08,-5.301715439139446e-07,-2.055156819899507e-08,-4.1997652135608425e-07,2.046492009531275e-07,-4.851902965842558e-07,1.129752416799217e-08,-5.8043779743548185e-16,2.540326347715005e-15,-1.292504514874282e-15,8.988984686805757e-16,-2.593899487562945e-15,-1.2576745200831851e-16,4.122780404829801e-16,1.0178888100779125e-15,1.2628244804024913e-16,3.9511037670802995e-16,4.1779730716728913e-16
MVs_Wisconsin.USA_37.21_2,0.9997744806171465,-0.020569129586711116,-0.0018898133047662938,-0.0033486259445238095,-0.0008073080043130084,-0.0003536229377452754,0.001630524012346305,0.0015984634119757728,0.0015715185208767203,-0.0002224171141402187,0.0009266477595926001,0.00013204914733419177,0.0010362697561857573,-0.0007484930653510309,-0.0005565700646339841,0.0003575842761189942,0.00043001178145392495,-0.0006233031462373615,-0.0001785078126446257,-0.00021221270568747905,0.00015349746909253781,-0.0003992154806352487,0.00011254916337278521,4.2643355312889576e-05,6.569503843551105e-05,-0.00043117919592201484,0.0007491972055751503,0.0001571185083830945,-0.00013474110795942866,0.00012059545279087422,9.221207239624996e-16,2.913793338554793e-16,-8.240952950426539e-17,-5.798652031631379e-16,-1.9713878695714476e-15,-4.963070969823957e-16,3.854270960550188e-16,4.3709843517813606e-16,-2.1992649316130352e-16,-6.040767929274549e-16,-3.245423678063797e-16
MVs_Wisconsin.USA_37.21,0.9997194702633823,-0.021610683035799296,-0.0033371757098549118,0.007118557842234482,0.00025631877646520974,0.003492396566835383,0.0013141488027614084,0.00010519656070517061,-0.00020942295125810743,0.0005925091353032669,-0.00033607548280282417,-0.00035605747508477334,0.000601953017590658,-0.0010658428848907033,0.00087455452853212,-0.00010107670594723401,-0.0012342975839496647,-0.00019795627873530236,0.003466027518840499,4.1860544797165824e-05,-0.0006263271187145536,-0.0010629929199972683,2.105672406750373e-05,8.874943188327537e-06,0.00029423045759642227,0.00012048252322368519,-5.438955787219609e-05,-3.7110506799117194e-05,0.00014449667211522305,0.00011419899255819959,1.1001602732117755e-15,-8.909973453485875e-16,-7.169507094126684e-16,4.428288248245482e-17,-7.141436422254677e-16,-1.549155497892335e-16,1.0520420255441532e-15,8.766608891998349e-16,-3.596579384321543e-16,1.0214133141714377e-15,-1.1130012926921506e-15
MVs_Wisconsin.USA_35.21,0.9997740729584619,-0.020453893248371227,-0.0017229202638716506,-0.004304727923806251,-0.0015455175868733866,-0.0003787786477253069,0.0010105371110684265,-6.630344403994006e-05,-0.0005980207832192517,0.0010777350264425955,-0.0013127087297765837,0.0015679445281671566,0.00038478818955720853,0.0002975878978994491,-0.0007904620248319099,0.0005293929945952408,0.0006778335304933041,0.0004495609018605435,-3.0307154066741688e-05,0.0008630261118647792,-0.00010487372662917668,-0.00016231388141069167,-8.716725748986203e-05,0.00013086009574792435,0.0001485678979512417,-6.859478358288211e-05,-0.0002122740382565171,-2.1792592807302186e-05,6.177729767427906e-06,-1.6056493925248646e-05,-4.690041757737795e-15,-2.9513338387771038e-15,-1.0048860073046118e-16,-8.457657859652079e-16,2.107204520465991e-15,-2.191104827957424e-16,7.403677822724608e-16,-2.626519996911129e-16,-1.199191858158951e-16,7.558244394939573e-17,-2.893871123635372e-16
MVs_Virginia.USA_41.21,0.9961109339470946,0.08793202300668425,-0.0013746356308866612,0.0006936117252929316,0.0005814407255953781,-0.004741040632516783,-0.001258891880373919,-0.00027525324047750606,4.296088577381698e-05,0.001066423835566282,-0.00012244742004277782,-0.0008719773751501277,0.0008458103893829737,0.0002001939000723607,0.00034065062110016285,-9.463135083922656e-05,-0.00024156486480227547,-9.145464446776456e-05,0.00018721725830498167,3.443963750647517e-05,-0.0008575721681763834,0.00011898645499254957,-0.00012831254640835547,0.0006201628612241381,0.00015220407407050024,7.893253392290953e-05,8.194271631473841e-05,7.062453475380362e-06,-0.00016407838815940328,-9.035124908502149e-05,5.466005252585671e-16,3.588167089840777e-16,-7.906002241764298e-16,1.6554682971681167e-15,-7.406998191877845e-16,-2.814046738686127e-16,-1.6999070337128663e-15,-3.1073234263434557e-16,2.491496592371689e-16,-5.48552089169041e-16,3.3966021184897444e-16
MVs_Virginia.USA_40.21_3,0.9960651683883708,0.0883833113771242,-0.0008555305421575855,-4.2927346859869715e-05,-0.0005783017582177705,0.00493506292679928,-0.0016640183699994644,-0.00022936642582943416,0.00039487784718786177,-0.0012210019793904374,0.0013143532469041502,0.001495084044042973,0.00021285174002511265,-0.00011908239949906214,-6.101330976672852e-05,1.1133565250010064e-05,0.000624864933614906,-0.0009720460117197239,0.0013527666479591417,0.0007128896056075352,0.0012284465342898303,0.0017202211581889058,-0.0001667613842235289,-0.00028112411037236,0.0006259738236030681,-9.406951310248697e-05,5.127460127024218e-05,-1.9308339757627928e-05,1.5831128366580757e-05,-2.2790917631519514e-05,-4.084731684839138e-16,-7.611776877206045e-16,1.0483692906848585e-15,1.2925858300372184e-15,-1.401629463534948e-15,-1.1991818128775922e-15,-4.467590576998082e-16,3.4298735726578933e-16,-2.886146183156413e-16,-9.333015588662563e-16,3.9552372878629005e-16
MVs_Virginia.USA_40.21_2,0.9960962855800786,0.08818775714532304,-0.0009380332130819007,-0.00017456426194947198,0.0003246342292632517,-0.0018822109800361725,0.002360455479826741,0.0004884899449307126,-0.0004964244667560332,0.00033576359389941103,-0.0009868057841686919,-0.0009056659743581118,-0.0006068825770016396,3.470725124795208e-05,4.0366954799033734e-05,-0.00048802142570725357,-0.0005092622746234503,0.0003693785227622519,0.00012064251460196824,-0.0005132669857546514,0.00033699512806718694,-0.00027029019705981385,-0.0008745921746296827,0.0005599683839558908,0.00012119313693198205,-6.8627200311007045e-06,3.4542242869694397e-05,3.7311338518145965e-05,-0.0001263049339118936,-7.636698716844183e-05,-2.585605340943431e-15,1.953122451096856e-15,-1.175329365082911e-15,1.023053169957322e-15,2.2266260016334805e-15,-7.042435211379594e-16,7.710032699087543e-17,-2.341334591482447e-16,7.633325395384194e-16,-3.0767624776065206e-16,-1.179273150485327e-16
MVs_Virginia.USA_40.21,0.9997391350839953,-0.02022150215575742,-0.001634289551325932,-0.004323372059295169,-0.0026751890941887537,0.0047930570461606255,-0.003807438624529714,-0.00042069883923823685,-0.0007576004215485043,0.0020970937662563864,-0.003200754300213715,-0.0010973994077872998,-0.0006916716740544245,-0.003296765533595626,0.003277554684436567,-0.0016553094991442476,0.0020242301023419645,-0.0008715022819319498,-0.0006453062583781609,-0.00023928040331296449,1.013289680609706e-05,7.247375246144769e-05,-2.017848557417227e-06,-6.358999257343237e-06,-1.4332435522888098e-06,-3.262321102853638e-06,8.340412127963412e-06,2.3164776439781973e-06,-5.1999211934199006e-06,5.684148339258395e-07,-1.707110201896317e-15,-1.8357982235067682e-15,1.813514480730402e-16,-2.875507449338899e-16,1.9288397105649696e-15,6.555459029344152e-16,-8.480426105274275e-16,-2.4001864406576756e-16,3.42336835962298e-17,-1.3365637806586617e-15,-8.433873174493178e-16
MVs_Virginia.USA_39.21_4,0.9960708079783298,0.08838264192847632,-0.0008498232253825772,-5.1470634636995266e-05,-0.0005472206587923295,0.0047303869151916434,-0.0016086968419292175,-0.00027698324459851854,0.0002863870068297479,-0.0010636225126978188,0.00106785749557499,0.0012071604658674615,-6.972660257085133e-05,0.00028119519175949737,-0.00018643102381614055,2.4042443385597807e-05,0.0003893302109500241,-7.342336188805386e-05,-0.000919128786889165,7.147052565412664e-05,-0.00026467039206716736,-0.00041868414266580875,4.6006602270428265e-06,0.00021057433097981958,-0.00024503899555521254,0.000199798910518838,-7.047817659512826e-05,-2.54582077747854e-05,0.00015823784173011726,0.0001768569078261233,1.932048271369169e-16,-8.185726402265558e-16,-3.5914196963582334e-16,-9.395696026759381e-16,-8.845734474766109e-16,-1.1141261524461044e-15,-1.13137851951578e-15,-3.459147031315002e-16,7.136760800385833e-16,-4.831475931138529e-16,5.905649233528543e-16
MVs_Virginia.USA_39.21_3,0.999773025342629,-0.020433668548725296,-0.0017763471507628774,-0.004256990826590898,-0.0015888183464688786,-0.001377800683234247,0.0007383806460733924,0.00021058665478793553,-0.0010430644451233362,0.0008097250123094505,-0.001410379511230372,0.000949932927479444,-0.0009784130315163358,0.0011799267772088476,-0.0001640218118613705,-0.00014464894264213285,0.00017951129240619876,0.0010892409196469044,0.0003587076604077258,-0.000387123831554732,0.0006811955379296492,0.00018160315958873593,0.000775654683184602,1.3582989582231727e-05,-4.963718203214379e-05,-4.5506822011786466e-05,7.480311580617801e-05,-0.0006555005287598041,8.544503647001965e-06,7.019141089600904e-05,-1.4348196025401605e-15,-1.8344294182640053e-15,-3.1858433805539293e-16,3.0657171679743245e-16,2.3047935901378963e-15,-6.037989661207555e-17,3.0564336868724173e-16,-2.3809037356134315e-16,6.808929866866408e-16,8.516001489058955e-16,-1.7635903588192336e-16
MVs_Virginia.USA_39.21_2,0.9961119236419551,0.0879010891507152,-0.0013807133491267227,0.0008039152454660382,0.0006032109936898076,-0.004948100378142135,-0.0014959252765260017,-0.00035011881423191324,7.522619319844806e-05,0.0008931322010884063,-0.0002511426168756669,-0.0008321992265160561,0.0004718879696852165,-0.00026339652709862494,-3.7790649578658253e-05,0.00026013633205808085,-8.407329465903821e-05,2.5394969011400134e-05,0.00023227752436608172,-4.917351277860537e-05,-0.0007437777406687214,-0.00016344779280525054,-0.0005368794150926793,-0.0009869282016197454,-0.0004913003573185012,-0.0007324389046811073,-0.00019646298565580427,-0.00017180976662868329,3.2627855555215565e-05,9.826992092551974e-06,3.947038008933479e-16,-5.03652566700985e-16,4.187730891225261e-16,-7.869139367899791e-16,-1.8874875620800147e-15,-1.1091930325612953e-15,-3.6032103949840133e-16,6.098637220230962e-17,-8.394977421555261e-16,3.222248856626919e-16,-1.1071398246971509e-15
MVs_Virginia.USA_39.21,0.9997750596373559,-0.020564794953217398,-0.0018873343867104172,-0.0033441795638193697,-0.0008077429101625923,-0.0004407576584404552,0.001655674137636039,0.0015653481569848917,0.0015264817954417167,-0.00018782516880273576,0.0008459921794384612,8.348422649013902e-05,0.0009750729440031669,-0.0006887852079538044,-0.0005822565682674793,0.00029430465426694895,0.00040043953315112713,-0.00047736686403425805,-0.0005572340661063615,-0.00026440910713549623,3.6101270878077556e-05,-0.0003837721743423502,8.874616167708344e-05,-0.00011083788244926322,0.00039344957211088263,8.096705627369647e-06,-0.0003002252204104032,-7.138932764366836e-05,-9.515430728608712e-05,1.2306155009727348e-07,2.928335200193255e-15,-2.242509563460393e-15,3.2674126533745185e-16,-3.0637520515366945e-16,-1.383137040230492e-16,4.506994549704352e-16,2.3038618538959166e-16,2.8864087633700616e-16,-3.166401790657626e-16,-1.096900890430741e-15,3.96099711190423e-16
MVs_Virginia.USA_38.21,0.999753598896305,-0.020107391123201798,-0.0016284918614148146,-0.004015020424382019,-0.00266724172289532,0.005745471833950372,-0.0042193885521968665,-0.0005477718085239799,-0.0004116927109301599,-0.0006923530766592071,0.0006451693882873409,0.002421594107767745,-0.0005615711737995005,0.001363162026483381,-0.0002841343538066533,-0.00024053900330952709,0.00044402888674203013,0.0006956906138563992,0.0006308756659112741,-0.00028032132775586275,-0.00011623342431961742,-0.0007848061714777566,0.00019304798439890252,2.9165291366764418e-05,-8.868051182048619e-05,-0.00039522907722363594,0.0002891830059109778,0.0001797271410181792,-0.0002844257538359135,-8.047306087193157e-05,5.658180087658726e-17,-2.777454915364741e-15,5.728992042049186e-17,-2.824685472503641e-16,-1.9550333574258616e-15,-5.130004223068835e-16,2.356737038595319e-15,2.1995349233649725e-16,-4.933997887398433e-16,1.5447170452487224e-16,6.650225075482963e-17
MVs_Virginia.USA_37.21_2,0.9960969448863458,0.08818376476875231,-0.0009229234723192551,-0.00019716828657181896,0.00033478150798939765,-0.0015514041360416035,0.002594801043714997,0.0004501308326347626,-0.0003227941863882918,0.0004936186997374511,-0.0010688568316487431,-0.0007056153437895574,-0.000504375414372221,-0.00014535238796010118,5.952621855790706e-05,0.00010644162044414943,-0.00029542382120249203,0.0004683168900599908,2.7905348054155997e-05,-0.0002619547181426856,0.0003280721231656034,-0.0003043019176861858,0.0006512862575087798,-0.0005465829696309175,-6.115727744248974e-05,0.0005970701232910238,0.0003551471339542367,-0.00020417789984426306,-0.00021345422261599087,-5.871674293387341e-05,1.880440247958859e-15,-7.209944447028604e-18,1.4522888100443332e-16,9.172350379227368e-16,-1.0006915001498085e-15,-3.993116601264113e-16,-1.0362939889888012e-15,-3.229296170748075e-16,-2.4519232130759683e-16,-6.938622853364107e-16,1.453440774852599e-16
MVs_Virginia.USA_37.21,0.9997737665517027,-0.020453693431999927,-0.001725361885326251,-0.004297973380710725,-0.0015457890376157494,-0.0004223636280931633,0.0009774060988910144,-7.106773321201147e-05,-0.0005957697347648734,0.001079582852778562,-0.0013463560030237806,0.001580484302550307,0.00034004822308413387,0.0002633493912158858,-0.0008528541162410848,0.0005725621381291511,0.0007090547925437432,0.0005076679290978208,-1.0022923714972914e-06,0.000785297405922787,-9.887021298530597e-05,-0.00018944298485871997,-0.00018143593402053523,-0.0005442465526924507,-6.685696756670227e-06,0.00038501257950110607,-3.992196093055245e-05,0.00033054248125642774,4.0031057526442306e-05,-2.3331324870481933e-05,2.5194825609489713e-16,-7.824416028284764e-16,5.886895924076332e-16,-1.3453932521008405e-15,-1.5827488245804405e-15,1.982870248204427e-16,2.332525448831002e-16,-3.284709066157451e-17,-3.8708489173402817e-16,-1.0317538923915182e-16,-1.9716216506648898e-16
MVs_Virginia.USA_36.21_4,0.9965778144888466,-0.01036506445548715,0.0819333312104833,0.0025912803815874973,-0.002276729174550147,-0.0005030469857965649,-4.6100209901524075e-06,3.852985638383725e-06,3.0075775724281155e-05,-5.063661885112571e-06,3.758156478549308e-05,7.693165300867093e-06,1.6212829901321316e-05,-1.6867180930483221e-07,1.152176421880029e-05,-2.9338527061137203e-06,2.660803111773961e-06,-7.812175915251332e-06,-1.0582907712184796e-05,3.335486781460878e-06,4.901093170986523e-06,7.65741870926924e-07,3.837718200078887e-07,7.408637520844473e-08,-3.4397850986417973e-07,1.5231611707466355e-07,1.5847601285575406e-07,1.896825713005481e-08,6.430643266868677e-08,5.026859515732014e-08,9.613569841452133e-16,1.5554913043377971e-16,-3.8364493873399574e-16,4.901271445992283e-16,-4.292762976684794e-16,-6.613091151075334e-16,6.436162909052856e-16,4.579669976578771e-16,-2.8449465006019636e-16,-1.5576173570354054e-16,2.47198095326695e-17
MVs_Virginia.USA_36.21_3,0.9960977706660215,0.088176997247387,-0.0009122189809476515,-0.00020265071492080883,0.0003444257189903889,-0.0013439083973291045,0.0027035732823789843,0.00041393672621942444,-0.00025918430528878517,0.0005480811640934032,-0.0010419482877972572,-0.000619438830188909,-0.0002558010433209147,-0.0002525047479293625,3.736842627552253e-05,0.0001646584078341159,-0.0002700964417649451,0.00034724076090687626,-8.716351034292338e-05,-6.359031645017233e-05,0.00023659744232490585,-0.0002604689619550231,0.0010456040602942816,0.0002130037268930627,0.00014272888261301057,-0.00024243008191084843,-0.00018545505784170916,0.00040178396130576666,0.00013905585691987936,-0.00011516240642618225,1.2373999394577062e-15,2.370336999596434e-17,2.0290843658066215e-16,-7.826313382086614e-16,-6.085626794161136e-16,-2.4334917761437147e-16,-5.092497604164414e-16,-6.993104012531504e-18,3.5583515300974256e-16,-1.4105470264036413e-15,5.903413066547791e-16
MVs_Virginia.USA_36.21_2,0.9997448089444119,-0.020306109336269466,-0.001592075045520265,-0.004250133242801889,-0.0026133522531916744,0.004576931402349996,-0.003516756127196765,-0.00041534739757857715,-0.0007197246350008043,0.0015343005004502582,-0.0022738759172761256,-0.0005726262124738124,-0.00042372064608408525,0.0003452965624311885,-0.0010014297385543224,0.0021050176138381854,-0.00425464541067301,-0.0020537777515143413,-0.0007106113853203894,-0.0002550987409854644,0.00014282044833369254,0.0002196609343991909,-7.603947148154671e-06,-3.3428275858851266e-06,-2.2925028285335643e-05,3.153899078903843e-06,2.7790293518636727e-06,1.9928182239289202e-06,-5.6487572938385906e-06,1.9495826007828096e-06,3.0875435129591733e-15,1.6105823272272168e-15,-1.6482769874459277e-15,6.843822925907406e-16,-1.2758925047127306e-15,9.961446272889474e-16,8.902722851457379e-16,3.415766238921373e-17,3.220564187504169e-17,1.5715239439634265e-15,-1.7852744022689437e-16
MVs_Virginia.USA_36.21,0.9997721331175463,-0.020430758056393182,-0.0017939484277250002,-0.004227621671456488,-0.0015992867144892352,-0.0017530557865877248,0.0004702774690927125,0.00024428142853903553,-0.0012149030226601804,0.0006533144054695615,-0.00136177532476173,0.0007619211088397692,-0.0011259570738105771,0.0013262371001177072,-0.0002456168518095489,-0.0006974696746936858,-3.652290680616344e-06,0.0010481819888946704,0.0004809996220301115,-0.0007168366648625155,0.0006961649658416791,0.00018858295567771152,-0.0008483662720026418,0.0004477998678314774,-2.2091275337254345e-05,-0.00019734382514809132,-7.425100844140088e-05,-6.105318714976135e-05,0.0001297742197031487,4.5224093246820936e-05,-2.5536552581729988e-15,-2.3674096537307232e-15,-9.996259327021625e-16,2.1480755542369057e-18,8.63705943788054e-16,-9.831342012191213e-17,6.448631234036439e-16,-9.015755163103729e-17,1.9097073803386427e-16,9.454107418802038e-16,5.32004453511481e-16
MVs_Virginia.USA_35.21_6,0.9997134625521322,-0.020378010220201345,-0.0018755207213661043,-0.004794663599484214,-0.0019234180622537055,-0.0022373342414027907,0.0008334710052248138,0.00022730775697295876,-0.01020499675050745,-0.0029772740121901745,0.0022981269665788384,-0.0014926179647121,0.00039671508055082237,-0.0008061800098661331,-3.83329636991485e-05,-0.0002936115798790462,-0.0001682348212784491,-0.00045854786185090365,-0.00010064572231324616,0.0002757192773730604,-0.00018104366192981026,-5.163358730535367e-06,5.715577453818146e-05,-1.8889571827623882e-05,-3.7623780456368253e-06,2.18361001514996e-06,1.351309624050114e-06,5.707770248915064e-07,-9.100248949964342e-07,-1.0021029296151588e-07,-7.541507023901828e-16,-1.1881365032453961e-15,4.120188484011203e-16,1.5653643203709933e-15,-7.413740574137989e-16,-5.169916415543457e-16,-5.094733771145166e-16,-5.926028846239481e-16,4.19738905205743e-17,-1.9595192439145204e-15,-6.968031837292776e-16
MVs_Virginia.USA_35.21_5,0.9997410665421179,-0.020808417040487758,-0.002427853007009044,-0.0029652872993866024,-0.0012282015294498732,-0.0059314643692474885,-0.004797925180525793,-0.0008651570927784221,-0.00043251545474519697,0.0017119432396187758,-0.00014521548606193972,0.0008232713526278808,0.0009303984231563546,0.0015314059331351282,0.00012630099135263682,-8.531717562066227e-05,0.0004147881931194716,0.00043977970993059056,0.0006066140637073621,-2.4054508064195055e-06,-0.001025594344950139,0.000724519461760544,0.00013677289907950243,-0.00014035456145750018,-0.00013252541684253064,0.0003804026823189418,0.0001666781814112039,0.00024756926738190546,0.00010901477742657709,1.7731066339149977e-05,4.378570802373444e-15,-8.820391248984261e-16,5.134696785596624e-16,1.8494591708800856e-15,-1.2364241575024693e-15,-8.887069682592119e-18,-2.0286100273561591e-16,9.232002674537752e-17,1.5763655710550423e-16,7.356989366671951e-16,2.459919204098049e-16
MVs_Virginia.USA_35.21_4,0.9997740729584619,-0.020453893248371227,-0.0017229202638716506,-0.004304727923806251,-0.0015455175868733866,-0.0003787786477253069,0.0010105371110684265,-6.630344403994006e-05,-0.0005980207832192517,0.0010777350264425955,-0.0013127087297765837,0.0015679445281671566,0.00038478818955720853,0.0002975878978994491,-0.0007904620248319099,0.0005293929945952408,0.0006778335304933041,0.0004495609018605435,-3.0307154066741688e-05,0.0008630261118647792,-0.00010487372662917668,-0.00016231388141069167,-8.716725748986203e-05,0.00013086009574792435,0.0001485678979512417,-6.859478358288211e-05,-0.0002122740382565171,-2.1792592807302186e-05,6.177729767427906e-06,-1.6056493925248646e-05,-4.690041757737795e-15,-2.9513338387771038e-15,-1.0048860073046118e-16,-8.457657859652079e-16,2.107204520465991e-15,-2.191104827957424e-16,7.403677822724608e-16,-2.626519996911129e-16,-1.199191858158951e-16,7.558244394939573e-17,-2.893871123635372e-16
MVs_Virginia.USA_35.21,0.9960708079783298,0.08838264192847632,-0.0008498232253825772,-5.1470634636995266e-05,-0.0005472206587923295,0.0047303869151916434,-0.0016086968419292175,-0.00027698324459851854,0.0002863870068297479,-0.0010636225126978188,0.00106785749557499,0.0012071604658674615,-6.972660257085133e-05,0.00028119519175949737,-0.00018643102381614055,2.4042443385597807e-05,0.0003893302109500241,-7.342336188805386e-05,-0.000919128786889165,7.147052565412664e-05,-0.00026467039206716736,-0.00041868414266580875,4.6006602270428265e-06,0.00021057433097981958,-0.00024503899555521254,0.000199798910518838,-7.047817659512826e-05,-2.54582077747854e-05,0.00015823784173011726,0.0001768569078261233,1.932048271369169e-16,-8.185726402265558e-16,-3.5914196963582334e-16,-9.395696026759381e-16,-8.845734474766109e-16,-1.1141261524461044e-15,-1.13137851951578e-15,-3.459147031315002e-16,7.136760800385833e-16,-4.831475931138529e-16,5.905649233528543e-16
MVs_NewMexico.USA_38.21,0.9996789090964575,-0.022240018580308333,-0.004450109482326221,0.008359111038518762,0.0011832306568254855,-0.004686806790844393,-0.0028002631813293555,-0.000751359677180286,-0.0001808500333118738,0.0014935024785490065,0.001312238626514689,0.00013587000613872848,0.001856188858556473,0.0019325962888326784,0.002275785974396823,-0.001441541675291667,-0.0009993473645282542,-0.00043625064792070586,-0.0008145998431324654,0.0012561104530290398,0.0018540488198832538,-0.0008343329281489563,-2.7823648525637544e-05,-5.9324328441142965e-05,1.1085852009775533e-05,-3.251174517106665e-06,-6.886549907027316e-06,4.521875227799293e-06,7.960999442125333e-06,-1.3177637655340315e-06,-4.790682824398762e-16,4.986652367075517e-16,-9.300506464146943e-16,-1.0219012051490561e-15,-1.03233326292744e-15,7.7898232027188985e-16,1.2211504593975797e-16,-3.5216432397457923e-16,-3.09500214098556e-17,2.6233762341273947e-15,3.2577564777758194e-16
