state,year,school_year,mmr_coverage_pct,nme_rate_pct,below_herd_immunity,source
Alabama,2016,2016-17,95.5,1.74,False,CDC NIS-Child / MMWR SchoolVaxView
Alaska,2016,2016-17,84.3,6.73,True,CDC NIS-Child / MMWR SchoolVaxView
Arizona,2016,2016-17,88.9,4.38,True,CDC NIS-Child / MMWR SchoolVaxView
Arkansas,2016,2016-17,98.2,0.93,False,CDC NIS-Child / MMWR SchoolVaxView
California,2016,2016-17,93.1,2.91,True,CDC NIS-Child / MMWR SchoolVaxView
Colorado,2016,2016-17,88.3,4.55,True,CDC NIS-Child / MMWR SchoolVaxView
Connecticut,2016,2016-17,97.6,0.4,False,CDC NIS-Child / MMWR SchoolVaxView
Delaware,2016,2016-17,90.0,3.84,True,CDC NIS-Child / MMWR SchoolVaxView
Florida,2016,2016-17,91.8,3.39,True,CDC NIS-Child / MMWR SchoolVaxView
Georgia,2016,2016-17,92.0,2.76,True,CDC NIS-Child / MMWR SchoolVaxView
Hawaii,2016,2016-17,98.0,0.75,False,CDC NIS-Child / MMWR SchoolVaxView
Idaho,2016,2016-17,82.0,6.76,True,CDC NIS-Child / MMWR SchoolVaxView
Illinois,2016,2016-17,92.9,2.86,True,CDC NIS-Child / MMWR SchoolVaxView
Indiana,2016,2016-17,91.4,3.54,True,CDC NIS-Child / MMWR SchoolVaxView
Iowa,2016,2016-17,92.8,2.79,True,CDC NIS-Child / MMWR SchoolVaxView
Kansas,2016,2016-17,92.8,3.44,True,CDC NIS-Child / MMWR SchoolVaxView
Kentucky,2016,2016-17,94.3,1.98,True,CDC NIS-Child / MMWR SchoolVaxView
Louisiana,2016,2016-17,96.4,1.09,False,CDC NIS-Child / MMWR SchoolVaxView
Maine,2016,2016-17,94.8,1.48,True,CDC NIS-Child / MMWR SchoolVaxView
Maryland,2016,2016-17,96.6,1.42,False,CDC NIS-Child / MMWR SchoolVaxView
Massachusetts,2016,2016-17,97.4,1.08,False,CDC NIS-Child / MMWR SchoolVaxView
Michigan,2016,2016-17,94.0,2.31,True,CDC NIS-Child / MMWR SchoolVaxView
Minnesota,2016,2016-17,90.6,3.54,True,CDC NIS-Child / MMWR SchoolVaxView
Mississippi,2016,2016-17,99.3,0.61,False,CDC NIS-Child / MMWR SchoolVaxView
Missouri,2016,2016-17,95.2,1.41,False,CDC NIS-Child / MMWR SchoolVaxView
Montana,2016,2016-17,85.2,5.82,True,CDC NIS-Child / MMWR SchoolVaxView
Nebraska,2016,2016-17,92.6,3.14,True,CDC NIS-Child / MMWR SchoolVaxView
Nevada,2016,2016-17,90.0,4.27,True,CDC NIS-Child / MMWR SchoolVaxView
New Hampshire,2016,2016-17,92.2,3.03,True,CDC NIS-Child / MMWR SchoolVaxView
New Jersey,2016,2016-17,96.9,1.53,False,CDC NIS-Child / MMWR SchoolVaxView
New Mexico,2016,2016-17,93.1,2.7,True,CDC NIS-Child / MMWR SchoolVaxView
New York,2016,2016-17,97.5,0.65,False,CDC NIS-Child / MMWR SchoolVaxView
North Carolina,2016,2016-17,96.3,1.87,False,CDC NIS-Child / MMWR SchoolVaxView
North Dakota,2016,2016-17,94.1,2.65,True,CDC NIS-Child / MMWR SchoolVaxView
Ohio,2016,2016-17,95.2,1.72,False,CDC NIS-Child / MMWR SchoolVaxView
Oklahoma,2016,2016-17,95.2,2.38,False,CDC NIS-Child / MMWR SchoolVaxView
Oregon,2016,2016-17,88.0,5.28,True,CDC NIS-Child / MMWR SchoolVaxView
Pennsylvania,2016,2016-17,95.4,2.08,False,CDC NIS-Child / MMWR SchoolVaxView
Rhode Island,2016,2016-17,94.5,2.1,True,CDC NIS-Child / MMWR SchoolVaxView
South Carolina,2016,2016-17,94.5,1.59,True,CDC NIS-Child / MMWR SchoolVaxView
South Dakota,2016,2016-17,93.8,2.61,True,CDC NIS-Child / MMWR SchoolVaxView
Tennessee,2016,2016-17,98.0,0.65,False,CDC NIS-Child / MMWR SchoolVaxView
Texas,2016,2016-17,92.3,2.94,True,CDC NIS-Child / MMWR SchoolVaxView
Utah,2016,2016-17,87.5,5.12,True,CDC NIS-Child / MMWR SchoolVaxView
Vermont,2016,2016-17,93.0,2.96,True,CDC NIS-Child / MMWR SchoolVaxView
Virginia,2016,2016-17,96.5,1.68,False,CDC NIS-Child / MMWR SchoolVaxView
Washington,2016,2016-17,89.1,4.24,True,CDC NIS-Child / MMWR SchoolVaxView
West Virginia,2016,2016-17,98.8,0.05,False,CDC NIS-Child / MMWR SchoolVaxView
Wisconsin,2016,2016-17,95.0,2.06,False,CDC NIS-Child / MMWR SchoolVaxView
Wyoming,2016,2016-17,86.0,5.53,True,CDC NIS-Child / MMWR SchoolVaxView
District of Columbia,2016,2016-17,90.8,3.57,True,CDC NIS-Child / MMWR SchoolVaxView
Alabama,2017,2017-18,93.4,2.38,True,CDC NIS-Child / MMWR SchoolVaxView
Alaska,2017,2017-18,83.9,6.55,True,CDC NIS-Child / MMWR SchoolVaxView
Arizona,2017,2017-18,89.9,4.08,True,CDC NIS-Child / MMWR SchoolVaxView
Arkansas,2017,2017-18,94.9,2.0,True,CDC NIS-Child / MMWR SchoolVaxView
California,2017,2017-18,89.5,4.19,True,CDC NIS-Child / MMWR SchoolVaxView
Colorado,2017,2017-18,88.5,5.33,True,CDC NIS-Child / MMWR SchoolVaxView
Connecticut,2017,2017-18,97.4,1.11,False,CDC NIS-Child / MMWR SchoolVaxView
Delaware,2017,2017-18,94.2,1.96,True,CDC NIS-Child / MMWR SchoolVaxView
Florida,2017,2017-18,97.2,1.36,False,CDC NIS-Child / MMWR SchoolVaxView
Georgia,2017,2017-18,96.3,1.22,False,CDC NIS-Child / MMWR SchoolVaxView
Hawaii,2017,2017-18,97.8,0.46,False,CDC NIS-Child / MMWR SchoolVaxView
Idaho,2017,2017-18,82.3,7.74,True,CDC NIS-Child / MMWR SchoolVaxView
Illinois,2017,2017-18,91.8,3.1,True,CDC NIS-Child / MMWR SchoolVaxView
Indiana,2017,2017-18,94.5,2.03,True,CDC NIS-Child / MMWR SchoolVaxView
Iowa,2017,2017-18,90.4,3.85,True,CDC NIS-Child / MMWR SchoolVaxView
Kansas,2017,2017-18,91.6,3.48,True,CDC NIS-Child / MMWR SchoolVaxView
Kentucky,2017,2017-18,92.0,3.66,True,CDC NIS-Child / MMWR SchoolVaxView
Louisiana,2017,2017-18,92.3,2.97,True,CDC NIS-Child / MMWR SchoolVaxView
Maine,2017,2017-18,96.3,1.1,False,CDC NIS-Child / MMWR SchoolVaxView
Maryland,2017,2017-18,97.1,1.56,False,CDC NIS-Child / MMWR SchoolVaxView
Massachusetts,2017,2017-18,96.7,1.37,False,CDC NIS-Child / MMWR SchoolVaxView
Michigan,2017,2017-18,94.9,2.25,True,CDC NIS-Child / MMWR SchoolVaxView
Minnesota,2017,2017-18,91.2,3.12,True,CDC NIS-Child / MMWR SchoolVaxView
Mississippi,2017,2017-18,99.6,0.27,False,CDC NIS-Child / MMWR SchoolVaxView
Missouri,2017,2017-18,94.9,2.13,True,CDC NIS-Child / MMWR SchoolVaxView
Montana,2017,2017-18,84.7,6.21,True,CDC NIS-Child / MMWR SchoolVaxView
Nebraska,2017,2017-18,95.0,1.77,False,CDC NIS-Child / MMWR SchoolVaxView
Nevada,2017,2017-18,90.4,3.97,True,CDC NIS-Child / MMWR SchoolVaxView
New Hampshire,2017,2017-18,91.3,3.67,True,CDC NIS-Child / MMWR SchoolVaxView
New Jersey,2017,2017-18,96.5,1.63,False,CDC NIS-Child / MMWR SchoolVaxView
New Mexico,2017,2017-18,97.2,0.88,False,CDC NIS-Child / MMWR SchoolVaxView
New York,2017,2017-18,98.1,0.89,False,CDC NIS-Child / MMWR SchoolVaxView
North Carolina,2017,2017-18,96.4,2.03,False,CDC NIS-Child / MMWR SchoolVaxView
North Dakota,2017,2017-18,93.7,2.3,True,CDC NIS-Child / MMWR SchoolVaxView
Ohio,2017,2017-18,92.1,2.92,True,CDC NIS-Child / MMWR SchoolVaxView
Oklahoma,2017,2017-18,94.1,2.46,True,CDC NIS-Child / MMWR SchoolVaxView
Oregon,2017,2017-18,88.1,4.99,True,CDC NIS-Child / MMWR SchoolVaxView
Pennsylvania,2017,2017-18,96.2,1.95,False,CDC NIS-Child / MMWR SchoolVaxView
Rhode Island,2017,2017-18,93.6,3.36,True,CDC NIS-Child / MMWR SchoolVaxView
South Carolina,2017,2017-18,95.9,1.4,False,CDC NIS-Child / MMWR SchoolVaxView
South Dakota,2017,2017-18,91.6,3.5,True,CDC NIS-Child / MMWR SchoolVaxView
Tennessee,2017,2017-18,93.7,2.72,True,CDC NIS-Child / MMWR SchoolVaxView
Texas,2017,2017-18,95.5,1.78,False,CDC NIS-Child / MMWR SchoolVaxView
Utah,2017,2017-18,86.6,4.91,True,CDC NIS-Child / MMWR SchoolVaxView
Vermont,2017,2017-18,93.2,2.98,True,CDC NIS-Child / MMWR SchoolVaxView
Virginia,2017,2017-18,96.6,1.0,False,CDC NIS-Child / MMWR SchoolVaxView
Washington,2017,2017-18,89.6,4.28,True,CDC NIS-Child / MMWR SchoolVaxView
West Virginia,2017,2017-18,98.6,0.59,False,CDC NIS-Child / MMWR SchoolVaxView
Wisconsin,2017,2017-18,94.4,1.88,True,CDC NIS-Child / MMWR SchoolVaxView
Wyoming,2017,2017-18,86.2,5.7,True,CDC NIS-Child / MMWR SchoolVaxView
District of Columbia,2017,2017-18,97.0,1.51,False,CDC NIS-Child / MMWR SchoolVaxView
Alabama,2018,2018-19,90.9,3.38,True,CDC NIS-Child / MMWR SchoolVaxView
Alaska,2018,2018-19,84.3,6.45,True,CDC NIS-Child / MMWR SchoolVaxView
Arizona,2018,2018-19,89.3,5.45,True,CDC NIS-Child / MMWR SchoolVaxView
Arkansas,2018,2018-19,95.7,2.05,False,CDC NIS-Child / MMWR SchoolVaxView
California,2018,2018-19,96.7,1.52,False,CDC NIS-Child / MMWR SchoolVaxView
Colorado,2018,2018-19,88.3,4.89,True,CDC NIS-Child / MMWR SchoolVaxView
Connecticut,2018,2018-19,97.3,1.02,False,CDC NIS-Child / MMWR SchoolVaxView
Delaware,2018,2018-19,93.1,2.79,True,CDC NIS-Child / MMWR SchoolVaxView
Florida,2018,2018-19,99.9,0.0,False,CDC NIS-Child / MMWR SchoolVaxView
Georgia,2018,2018-19,96.0,1.11,False,CDC NIS-Child / MMWR SchoolVaxView
Hawaii,2018,2018-19,93.1,3.08,True,CDC NIS-Child / MMWR SchoolVaxView
Idaho,2018,2018-19,82.0,6.86,True,CDC NIS-Child / MMWR SchoolVaxView
Illinois,2018,2018-19,92.5,3.2,True,CDC NIS-Child / MMWR SchoolVaxView
Indiana,2018,2018-19,92.5,3.08,True,CDC NIS-Child / MMWR SchoolVaxView
Iowa,2018,2018-19,94.4,2.04,True,CDC NIS-Child / MMWR SchoolVaxView
Kansas,2018,2018-19,99.7,0.33,False,CDC NIS-Child / MMWR SchoolVaxView
Kentucky,2018,2018-19,89.2,4.36,True,CDC NIS-Child / MMWR SchoolVaxView
Louisiana,2018,2018-19,92.6,3.2,True,CDC NIS-Child / MMWR SchoolVaxView
Maine,2018,2018-19,92.3,3.04,True,CDC NIS-Child / MMWR SchoolVaxView
Maryland,2018,2018-19,97.2,1.4,False,CDC NIS-Child / MMWR SchoolVaxView
Massachusetts,2018,2018-19,96.8,1.16,False,CDC NIS-Child / MMWR SchoolVaxView
Michigan,2018,2018-19,93.1,2.56,True,CDC NIS-Child / MMWR SchoolVaxView
Minnesota,2018,2018-19,98.7,0.64,False,CDC NIS-Child / MMWR SchoolVaxView
Mississippi,2018,2018-19,99.0,0.67,False,CDC NIS-Child / MMWR SchoolVaxView
Missouri,2018,2018-19,99.6,0.47,False,CDC NIS-Child / MMWR SchoolVaxView
Montana,2018,2018-19,84.2,6.16,True,CDC NIS-Child / MMWR SchoolVaxView
Nebraska,2018,2018-19,97.5,0.8,False,CDC NIS-Child / MMWR SchoolVaxView
Nevada,2018,2018-19,89.7,4.34,True,CDC NIS-Child / MMWR SchoolVaxView
New Hampshire,2018,2018-19,92.0,3.19,True,CDC NIS-Child / MMWR SchoolVaxView
New Jersey,2018,2018-19,95.8,1.36,False,CDC NIS-Child / MMWR SchoolVaxView
New Mexico,2018,2018-19,93.7,2.16,True,CDC NIS-Child / MMWR SchoolVaxView
New York,2018,2018-19,98.3,0.26,False,CDC NIS-Child / MMWR SchoolVaxView
North Carolina,2018,2018-19,93.2,2.76,True,CDC NIS-Child / MMWR SchoolVaxView
North Dakota,2018,2018-19,97.9,0.41,False,CDC NIS-Child / MMWR SchoolVaxView
Ohio,2018,2018-19,97.2,1.12,False,CDC NIS-Child / MMWR SchoolVaxView
Oklahoma,2018,2018-19,91.8,3.4,True,CDC NIS-Child / MMWR SchoolVaxView
Oregon,2018,2018-19,88.1,4.58,True,CDC NIS-Child / MMWR SchoolVaxView
Pennsylvania,2018,2018-19,96.2,1.4,False,CDC NIS-Child / MMWR SchoolVaxView
Rhode Island,2018,2018-19,94.6,2.37,True,CDC NIS-Child / MMWR SchoolVaxView
South Carolina,2018,2018-19,98.3,0.32,False,CDC NIS-Child / MMWR SchoolVaxView
South Dakota,2018,2018-19,99.6,0.0,False,CDC NIS-Child / MMWR SchoolVaxView
Tennessee,2018,2018-19,93.9,2.61,True,CDC NIS-Child / MMWR SchoolVaxView
Texas,2018,2018-19,95.0,1.81,False,CDC NIS-Child / MMWR SchoolVaxView
Utah,2018,2018-19,86.9,5.09,True,CDC NIS-Child / MMWR SchoolVaxView
Vermont,2018,2018-19,92.8,3.12,True,CDC NIS-Child / MMWR SchoolVaxView
Virginia,2018,2018-19,96.6,1.15,False,CDC NIS-Child / MMWR SchoolVaxView
Washington,2018,2018-19,89.9,4.11,True,CDC NIS-Child / MMWR SchoolVaxView
West Virginia,2018,2018-19,99.1,0.53,False,CDC NIS-Child / MMWR SchoolVaxView
Wisconsin,2018,2018-19,92.2,2.94,True,CDC NIS-Child / MMWR SchoolVaxView
Wyoming,2018,2018-19,86.4,5.63,True,CDC NIS-Child / MMWR SchoolVaxView
District of Columbia,2018,2018-19,94.2,2.34,True,CDC NIS-Child / MMWR SchoolVaxView
Alabama,2019,2019-20,98.4,0.46,False,CDC NIS-Child / MMWR SchoolVaxView
Alaska,2019,2019-20,84.3,6.23,True,CDC NIS-Child / MMWR SchoolVaxView
Arizona,2019,2019-20,88.9,4.77,True,CDC NIS-Child / MMWR SchoolVaxView
Arkansas,2019,2019-20,97.3,1.34,False,CDC NIS-Child / MMWR SchoolVaxView
California,2019,2019-20,98.5,0.62,False,CDC NIS-Child / MMWR SchoolVaxView
Colorado,2019,2019-20,88.8,4.37,True,CDC NIS-Child / MMWR SchoolVaxView
Connecticut,2019,2019-20,97.6,0.92,False,CDC NIS-Child / MMWR SchoolVaxView
Delaware,2019,2019-20,95.4,2.0,False,CDC NIS-Child / MMWR SchoolVaxView
Florida,2019,2019-20,93.2,3.37,True,CDC NIS-Child / MMWR SchoolVaxView
Georgia,2019,2019-20,92.7,2.56,True,CDC NIS-Child / MMWR SchoolVaxView
Hawaii,2019,2019-20,98.1,1.0,False,CDC NIS-Child / MMWR SchoolVaxView
Idaho,2019,2019-20,82.3,7.26,True,CDC NIS-Child / MMWR SchoolVaxView
Illinois,2019,2019-20,95.2,1.66,False,CDC NIS-Child / MMWR SchoolVaxView
Indiana,2019,2019-20,95.4,1.64,False,CDC NIS-Child / MMWR SchoolVaxView
Iowa,2019,2019-20,97.6,0.9,False,CDC NIS-Child / MMWR SchoolVaxView
Kansas,2019,2019-20,93.1,2.65,True,CDC NIS-Child / MMWR SchoolVaxView
Kentucky,2019,2019-20,96.2,1.34,False,CDC NIS-Child / MMWR SchoolVaxView
Louisiana,2019,2019-20,93.1,2.82,True,CDC NIS-Child / MMWR SchoolVaxView
Maine,2019,2019-20,95.8,1.52,False,CDC NIS-Child / MMWR SchoolVaxView
Maryland,2019,2019-20,96.9,1.33,False,CDC NIS-Child / MMWR SchoolVaxView
Massachusetts,2019,2019-20,96.8,0.87,False,CDC NIS-Child / MMWR SchoolVaxView
Michigan,2019,2019-20,93.4,2.57,True,CDC NIS-Child / MMWR SchoolVaxView
Minnesota,2019,2019-20,96.0,2.05,False,CDC NIS-Child / MMWR SchoolVaxView
Mississippi,2019,2019-20,99.7,0.09,False,CDC NIS-Child / MMWR SchoolVaxView
Missouri,2019,2019-20,95.2,1.64,False,CDC NIS-Child / MMWR SchoolVaxView
Montana,2019,2019-20,85.0,5.92,True,CDC NIS-Child / MMWR SchoolVaxView
Nebraska,2019,2019-20,96.0,1.35,False,CDC NIS-Child / MMWR SchoolVaxView
Nevada,2019,2019-20,89.8,4.56,True,CDC NIS-Child / MMWR SchoolVaxView
New Hampshire,2019,2019-20,94.9,2.15,True,CDC NIS-Child / MMWR SchoolVaxView
New Jersey,2019,2019-20,97.0,1.08,False,CDC NIS-Child / MMWR SchoolVaxView
New Mexico,2019,2019-20,95.8,1.7,False,CDC NIS-Child / MMWR SchoolVaxView
New York,2019,2019-20,97.8,0.64,False,CDC NIS-Child / MMWR SchoolVaxView
North Carolina,2019,2019-20,95.3,2.04,False,CDC NIS-Child / MMWR SchoolVaxView
North Dakota,2019,2019-20,98.8,0.76,False,CDC NIS-Child / MMWR SchoolVaxView
Ohio,2019,2019-20,99.9,0.0,False,CDC NIS-Child / MMWR SchoolVaxView
Oklahoma,2019,2019-20,97.4,1.1,False,CDC NIS-Child / MMWR SchoolVaxView
Oregon,2019,2019-20,89.1,4.12,True,CDC NIS-Child / MMWR SchoolVaxView
Pennsylvania,2019,2019-20,95.9,1.44,False,CDC NIS-Child / MMWR SchoolVaxView
Rhode Island,2019,2019-20,89.9,3.89,True,CDC NIS-Child / MMWR SchoolVaxView
South Carolina,2019,2019-20,93.3,2.72,True,CDC NIS-Child / MMWR SchoolVaxView
South Dakota,2019,2019-20,96.1,2.14,False,CDC NIS-Child / MMWR SchoolVaxView
Tennessee,2019,2019-20,97.6,0.8,False,CDC NIS-Child / MMWR SchoolVaxView
Texas,2019,2019-20,93.0,2.97,True,CDC NIS-Child / MMWR SchoolVaxView
Utah,2019,2019-20,86.3,6.01,True,CDC NIS-Child / MMWR SchoolVaxView
Vermont,2019,2019-20,98.1,0.6,False,CDC NIS-Child / MMWR SchoolVaxView
Virginia,2019,2019-20,96.0,2.01,False,CDC NIS-Child / MMWR SchoolVaxView
Washington,2019,2019-20,89.4,4.59,True,CDC NIS-Child / MMWR SchoolVaxView
West Virginia,2019,2019-20,98.4,0.45,False,CDC NIS-Child / MMWR SchoolVaxView
Wisconsin,2019,2019-20,95.2,1.93,False,CDC NIS-Child / MMWR SchoolVaxView
Wyoming,2019,2019-20,85.8,5.88,True,CDC NIS-Child / MMWR SchoolVaxView
District of Columbia,2019,2019-20,92.5,2.94,True,CDC NIS-Child / MMWR SchoolVaxView
Alabama,2020,2020-21,95.2,2.07,False,CDC NIS-Child / MMWR SchoolVaxView
Alaska,2020,2020-21,84.1,6.04,True,CDC NIS-Child / MMWR SchoolVaxView
Arizona,2020,2020-21,87.9,5.21,True,CDC NIS-Child / MMWR SchoolVaxView
Arkansas,2020,2020-21,95.7,1.48,False,CDC NIS-Child / MMWR SchoolVaxView
California,2020,2020-21,98.8,0.52,False,CDC NIS-Child / MMWR SchoolVaxView
Colorado,2020,2020-21,88.8,4.5,True,CDC NIS-Child / MMWR SchoolVaxView
Connecticut,2020,2020-21,98.1,1.28,False,CDC NIS-Child / MMWR SchoolVaxView
Delaware,2020,2020-21,94.3,2.58,True,CDC NIS-Child / MMWR SchoolVaxView
Florida,2020,2020-21,96.5,1.81,False,CDC NIS-Child / MMWR SchoolVaxView
Georgia,2020,2020-21,92.5,3.21,True,CDC NIS-Child / MMWR SchoolVaxView
Hawaii,2020,2020-21,97.5,0.45,False,CDC NIS-Child / MMWR SchoolVaxView
Idaho,2020,2020-21,81.1,6.94,True,CDC NIS-Child / MMWR SchoolVaxView
Illinois,2020,2020-21,94.2,2.52,True,CDC NIS-Child / MMWR SchoolVaxView
Indiana,2020,2020-21,98.7,0.56,False,CDC NIS-Child / MMWR SchoolVaxView
Iowa,2020,2020-21,99.0,0.0,False,CDC NIS-Child / MMWR SchoolVaxView
Kansas,2020,2020-21,90.6,3.73,True,CDC NIS-Child / MMWR SchoolVaxView
Kentucky,2020,2020-21,95.9,1.65,False,CDC NIS-Child / MMWR SchoolVaxView
Louisiana,2020,2020-21,89.7,4.08,True,CDC NIS-Child / MMWR SchoolVaxView
Maine,2020,2020-21,91.6,3.55,True,CDC NIS-Child / MMWR SchoolVaxView
Maryland,2020,2020-21,97.1,0.87,False,CDC NIS-Child / MMWR SchoolVaxView
Massachusetts,2020,2020-21,97.0,0.86,False,CDC NIS-Child / MMWR SchoolVaxView
Michigan,2020,2020-21,94.7,2.39,True,CDC NIS-Child / MMWR SchoolVaxView
Minnesota,2020,2020-21,92.4,3.18,True,CDC NIS-Child / MMWR SchoolVaxView
Mississippi,2020,2020-21,99.2,0.07,False,CDC NIS-Child / MMWR SchoolVaxView
Missouri,2020,2020-21,94.6,1.84,True,CDC NIS-Child / MMWR SchoolVaxView
Montana,2020,2020-21,84.4,5.87,True,CDC NIS-Child / MMWR SchoolVaxView
Nebraska,2020,2020-21,99.8,0.09,False,CDC NIS-Child / MMWR SchoolVaxView
Nevada,2020,2020-21,88.9,4.52,True,CDC NIS-Child / MMWR SchoolVaxView
New Hampshire,2020,2020-21,94.6,2.09,True,CDC NIS-Child / MMWR SchoolVaxView
New Jersey,2020,2020-21,97.0,1.43,False,CDC NIS-Child / MMWR SchoolVaxView
New Mexico,2020,2020-21,93.6,2.4,True,CDC NIS-Child / MMWR SchoolVaxView
New York,2020,2020-21,97.7,0.22,False,CDC NIS-Child / MMWR SchoolVaxView
North Carolina,2020,2020-21,91.1,3.97,True,CDC NIS-Child / MMWR SchoolVaxView
North Dakota,2020,2020-21,99.0,0.32,False,CDC NIS-Child / MMWR SchoolVaxView
Ohio,2020,2020-21,96.3,1.56,False,CDC NIS-Child / MMWR SchoolVaxView
Oklahoma,2020,2020-21,99.9,0.38,False,CDC NIS-Child / MMWR SchoolVaxView
Oregon,2020,2020-21,87.6,4.66,True,CDC NIS-Child / MMWR SchoolVaxView
Pennsylvania,2020,2020-21,95.7,1.77,False,CDC NIS-Child / MMWR SchoolVaxView
Rhode Island,2020,2020-21,93.0,2.37,True,CDC NIS-Child / MMWR SchoolVaxView
South Carolina,2020,2020-21,93.3,2.36,True,CDC NIS-Child / MMWR SchoolVaxView
South Dakota,2020,2020-21,99.1,0.62,False,CDC NIS-Child / MMWR SchoolVaxView
Tennessee,2020,2020-21,94.9,2.49,True,CDC NIS-Child / MMWR SchoolVaxView
Texas,2020,2020-21,95.1,1.7,False,CDC NIS-Child / MMWR SchoolVaxView
Utah,2020,2020-21,87.5,5.18,True,CDC NIS-Child / MMWR SchoolVaxView
Vermont,2020,2020-21,92.3,3.02,True,CDC NIS-Child / MMWR SchoolVaxView
Virginia,2020,2020-21,96.2,1.09,False,CDC NIS-Child / MMWR SchoolVaxView
Washington,2020,2020-21,89.7,4.71,True,CDC NIS-Child / MMWR SchoolVaxView
West Virginia,2020,2020-21,98.5,0.78,False,CDC NIS-Child / MMWR SchoolVaxView
Wisconsin,2020,2020-21,93.3,2.54,True,CDC NIS-Child / MMWR SchoolVaxView
Wyoming,2020,2020-21,85.4,5.58,True,CDC NIS-Child / MMWR SchoolVaxView
District of Columbia,2020,2020-21,95.0,1.74,False,CDC NIS-Child / MMWR SchoolVaxView
Alabama,2021,2021-22,94.6,2.15,True,CDC NIS-Child / MMWR SchoolVaxView
Alaska,2021,2021-22,83.3,6.42,True,CDC NIS-Child / MMWR SchoolVaxView
Arizona,2021,2021-22,88.1,4.98,True,CDC NIS-Child / MMWR SchoolVaxView
Arkansas,2021,2021-22,95.2,1.65,False,CDC NIS-Child / MMWR SchoolVaxView
California,2021,2021-22,94.1,2.57,True,CDC NIS-Child / MMWR SchoolVaxView
Colorado,2021,2021-22,87.1,5.34,True,CDC NIS-Child / MMWR SchoolVaxView
Connecticut,2021,2021-22,97.3,1.25,False,CDC NIS-Child / MMWR SchoolVaxView
Delaware,2021,2021-22,92.0,2.66,True,CDC NIS-Child / MMWR SchoolVaxView
Florida,2021,2021-22,89.8,4.08,True,CDC NIS-Child / MMWR SchoolVaxView
Georgia,2021,2021-22,94.5,1.91,True,CDC NIS-Child / MMWR SchoolVaxView
Hawaii,2021,2021-22,95.5,1.3,False,CDC NIS-Child / MMWR SchoolVaxView
Idaho,2021,2021-22,81.4,7.09,True,CDC NIS-Child / MMWR SchoolVaxView
Illinois,2021,2021-22,92.3,3.11,True,CDC NIS-Child / MMWR SchoolVaxView
Indiana,2021,2021-22,91.7,3.19,True,CDC NIS-Child / MMWR SchoolVaxView
Iowa,2021,2021-22,96.4,1.26,False,CDC NIS-Child / MMWR SchoolVaxView
Kansas,2021,2021-22,96.0,1.27,False,CDC NIS-Child / MMWR SchoolVaxView
Kentucky,2021,2021-22,95.2,2.34,False,CDC NIS-Child / MMWR SchoolVaxView
Louisiana,2021,2021-22,87.7,4.67,True,CDC NIS-Child / MMWR SchoolVaxView
Maine,2021,2021-22,95.3,1.8,False,CDC NIS-Child / MMWR SchoolVaxView
Maryland,2021,2021-22,97.1,0.97,False,CDC NIS-Child / MMWR SchoolVaxView
Massachusetts,2021,2021-22,97.2,1.06,False,CDC NIS-Child / MMWR SchoolVaxView
Michigan,2021,2021-22,96.8,1.35,False,CDC NIS-Child / MMWR SchoolVaxView
Minnesota,2021,2021-22,94.7,1.98,True,CDC NIS-Child / MMWR SchoolVaxView
Mississippi,2021,2021-22,99.3,0.17,False,CDC NIS-Child / MMWR SchoolVaxView
Missouri,2021,2021-22,94.9,1.92,True,CDC NIS-Child / MMWR SchoolVaxView
Montana,2021,2021-22,84.5,6.8,True,CDC NIS-Child / MMWR SchoolVaxView
Nebraska,2021,2021-22,96.1,1.47,False,CDC NIS-Child / MMWR SchoolVaxView
Nevada,2021,2021-22,89.5,4.08,True,CDC NIS-Child / MMWR SchoolVaxView
New Hampshire,2021,2021-22,88.8,4.18,True,CDC NIS-Child / MMWR SchoolVaxView
New Jersey,2021,2021-22,96.2,1.4,False,CDC NIS-Child / MMWR SchoolVaxView
New Mexico,2021,2021-22,93.9,2.92,True,CDC NIS-Child / MMWR SchoolVaxView
New York,2021,2021-22,97.9,0.78,False,CDC NIS-Child / MMWR SchoolVaxView
North Carolina,2021,2021-22,96.0,0.95,False,CDC NIS-Child / MMWR SchoolVaxView
North Dakota,2021,2021-22,94.5,2.44,True,CDC NIS-Child / MMWR SchoolVaxView
Ohio,2021,2021-22,90.2,4.26,True,CDC NIS-Child / MMWR SchoolVaxView
Oklahoma,2021,2021-22,94.7,1.98,True,CDC NIS-Child / MMWR SchoolVaxView
Oregon,2021,2021-22,87.7,5.59,True,CDC NIS-Child / MMWR SchoolVaxView
Pennsylvania,2021,2021-22,96.3,1.57,False,CDC NIS-Child / MMWR SchoolVaxView
Rhode Island,2021,2021-22,92.8,2.64,True,CDC NIS-Child / MMWR SchoolVaxView
South Carolina,2021,2021-22,96.0,1.35,False,CDC NIS-Child / MMWR SchoolVaxView
South Dakota,2021,2021-22,94.1,2.23,True,CDC NIS-Child / MMWR SchoolVaxView
Tennessee,2021,2021-22,95.1,2.06,False,CDC NIS-Child / MMWR SchoolVaxView
Texas,2021,2021-22,96.5,1.25,False,CDC NIS-Child / MMWR SchoolVaxView
Utah,2021,2021-22,86.3,5.2,True,CDC NIS-Child / MMWR SchoolVaxView
Vermont,2021,2021-22,92.8,3.0,True,CDC NIS-Child / MMWR SchoolVaxView
Virginia,2021,2021-22,96.7,1.03,False,CDC NIS-Child / MMWR SchoolVaxView
Washington,2021,2021-22,89.3,4.67,True,CDC NIS-Child / MMWR SchoolVaxView
West Virginia,2021,2021-22,99.0,0.95,False,CDC NIS-Child / MMWR SchoolVaxView
Wisconsin,2021,2021-22,92.0,2.84,True,CDC NIS-Child / MMWR SchoolVaxView
Wyoming,2021,2021-22,84.5,6.64,True,CDC NIS-Child / MMWR SchoolVaxView
District of Columbia,2021,2021-22,95.5,1.77,False,CDC NIS-Child / MMWR SchoolVaxView
Alabama,2022,2022-23,94.2,1.98,True,CDC NIS-Child / MMWR SchoolVaxView
Alaska,2022,2022-23,84.3,6.31,True,CDC NIS-Child / MMWR SchoolVaxView
Arizona,2022,2022-23,88.2,4.96,True,CDC NIS-Child / MMWR SchoolVaxView
Arkansas,2022,2022-23,94.7,2.19,True,CDC NIS-Child / MMWR SchoolVaxView
California,2022,2022-23,91.5,3.53,True,CDC NIS-Child / MMWR SchoolVaxView
Colorado,2022,2022-23,88.5,4.99,True,CDC NIS-Child / MMWR SchoolVaxView
Connecticut,2022,2022-23,98.0,0.66,False,CDC NIS-Child / MMWR SchoolVaxView
Delaware,2022,2022-23,91.0,3.55,True,CDC NIS-Child / MMWR SchoolVaxView
Florida,2022,2022-23,93.6,2.87,True,CDC NIS-Child / MMWR SchoolVaxView
Georgia,2022,2022-23,89.3,4.75,True,CDC NIS-Child / MMWR SchoolVaxView
Hawaii,2022,2022-23,93.1,2.63,True,CDC NIS-Child / MMWR SchoolVaxView
Idaho,2022,2022-23,80.6,7.27,True,CDC NIS-Child / MMWR SchoolVaxView
Illinois,2022,2022-23,95.6,1.8,False,CDC NIS-Child / MMWR SchoolVaxView
Indiana,2022,2022-23,90.3,3.5,True,CDC NIS-Child / MMWR SchoolVaxView
Iowa,2022,2022-23,92.7,3.44,True,CDC NIS-Child / MMWR SchoolVaxView
Kansas,2022,2022-23,92.9,2.41,True,CDC NIS-Child / MMWR SchoolVaxView
Kentucky,2022,2022-23,92.9,2.76,True,CDC NIS-Child / MMWR SchoolVaxView
Louisiana,2022,2022-23,86.8,5.28,True,CDC NIS-Child / MMWR SchoolVaxView
Maine,2022,2022-23,92.9,3.04,True,CDC NIS-Child / MMWR SchoolVaxView
Maryland,2022,2022-23,97.6,1.32,False,CDC NIS-Child / MMWR SchoolVaxView
Massachusetts,2022,2022-23,97.1,0.82,False,CDC NIS-Child / MMWR SchoolVaxView
Michigan,2022,2022-23,99.9,0.06,False,CDC NIS-Child / MMWR SchoolVaxView
Minnesota,2022,2022-23,93.5,2.58,True,CDC NIS-Child / MMWR SchoolVaxView
Mississippi,2022,2022-23,99.5,0.17,False,CDC NIS-Child / MMWR SchoolVaxView
Missouri,2022,2022-23,92.1,3.01,True,CDC NIS-Child / MMWR SchoolVaxView
Montana,2022,2022-23,84.1,6.2,True,CDC NIS-Child / MMWR SchoolVaxView
Nebraska,2022,2022-23,91.7,3.34,True,CDC NIS-Child / MMWR SchoolVaxView
Nevada,2022,2022-23,88.5,5.06,True,CDC NIS-Child / MMWR SchoolVaxView
New Hampshire,2022,2022-23,86.9,5.58,True,CDC NIS-Child / MMWR SchoolVaxView
New Jersey,2022,2022-23,97.2,0.51,False,CDC NIS-Child / MMWR SchoolVaxView
New Mexico,2022,2022-23,92.6,2.83,True,CDC NIS-Child / MMWR SchoolVaxView
New York,2022,2022-23,97.4,0.82,False,CDC NIS-Child / MMWR SchoolVaxView
North Carolina,2022,2022-23,90.7,4.24,True,CDC NIS-Child / MMWR SchoolVaxView
North Dakota,2022,2022-23,95.8,2.05,False,CDC NIS-Child / MMWR SchoolVaxView
Ohio,2022,2022-23,95.3,1.54,False,CDC NIS-Child / MMWR SchoolVaxView
Oklahoma,2022,2022-23,92.2,3.27,True,CDC NIS-Child / MMWR SchoolVaxView
Oregon,2022,2022-23,86.5,5.62,True,CDC NIS-Child / MMWR SchoolVaxView
Pennsylvania,2022,2022-23,96.1,1.44,False,CDC NIS-Child / MMWR SchoolVaxView
Rhode Island,2022,2022-23,95.3,2.02,False,CDC NIS-Child / MMWR SchoolVaxView
South Carolina,2022,2022-23,92.6,3.31,True,CDC NIS-Child / MMWR SchoolVaxView
South Dakota,2022,2022-23,90.8,3.87,True,CDC NIS-Child / MMWR SchoolVaxView
Tennessee,2022,2022-23,95.0,1.91,True,CDC NIS-Child / MMWR SchoolVaxView
Texas,2022,2022-23,94.3,1.9,True,CDC NIS-Child / MMWR SchoolVaxView
Utah,2022,2022-23,86.6,5.32,True,CDC NIS-Child / MMWR SchoolVaxView
Vermont,2022,2022-23,92.2,3.44,True,CDC NIS-Child / MMWR SchoolVaxView
Virginia,2022,2022-23,96.3,1.06,False,CDC NIS-Child / MMWR SchoolVaxView
Washington,2022,2022-23,87.8,5.05,True,CDC NIS-Child / MMWR SchoolVaxView
West Virginia,2022,2022-23,98.5,1.12,False,CDC NIS-Child / MMWR SchoolVaxView
Wisconsin,2022,2022-23,88.3,5.19,True,CDC NIS-Child / MMWR SchoolVaxView
Wyoming,2022,2022-23,85.2,5.89,True,CDC NIS-Child / MMWR SchoolVaxView
District of Columbia,2022,2022-23,92.1,3.26,True,CDC NIS-Child / MMWR SchoolVaxView
Alabama,2023,2023-24,93.0,3.13,True,CDC NIS-Child / MMWR SchoolVaxView
Alaska,2023,2023-24,82.9,6.9,True,CDC NIS-Child / MMWR SchoolVaxView
Arizona,2023,2023-24,87.6,4.94,True,CDC NIS-Child / MMWR SchoolVaxView
Arkansas,2023,2023-24,93.9,1.94,True,CDC NIS-Child / MMWR SchoolVaxView
California,2023,2023-24,89.7,4.33,True,CDC NIS-Child / MMWR SchoolVaxView
Colorado,2023,2023-24,87.4,4.99,True,CDC NIS-Child / MMWR SchoolVaxView
Connecticut,2023,2023-24,97.5,1.1,False,CDC NIS-Child / MMWR SchoolVaxView
Delaware,2023,2023-24,91.8,3.07,True,CDC NIS-Child / MMWR SchoolVaxView
Florida,2023,2023-24,93.6,2.27,True,CDC NIS-Child / MMWR SchoolVaxView
Georgia,2023,2023-24,94.1,1.84,True,CDC NIS-Child / MMWR SchoolVaxView
Hawaii,2023,2023-24,95.7,1.87,False,CDC NIS-Child / MMWR SchoolVaxView
Idaho,2023,2023-24,80.9,7.92,True,CDC NIS-Child / MMWR SchoolVaxView
Illinois,2023,2023-24,97.3,1.4,False,CDC NIS-Child / MMWR SchoolVaxView
Indiana,2023,2023-24,88.5,4.22,True,CDC NIS-Child / MMWR SchoolVaxView
Iowa,2023,2023-24,91.5,3.39,True,CDC NIS-Child / MMWR SchoolVaxView
Kansas,2023,2023-24,94.4,2.02,True,CDC NIS-Child / MMWR SchoolVaxView
Kentucky,2023,2023-24,93.6,2.35,True,CDC NIS-Child / MMWR SchoolVaxView
Louisiana,2023,2023-24,91.6,2.95,True,CDC NIS-Child / MMWR SchoolVaxView
Maine,2023,2023-24,90.8,3.28,True,CDC NIS-Child / MMWR SchoolVaxView
Maryland,2023,2023-24,96.7,1.63,False,CDC NIS-Child / MMWR SchoolVaxView
Massachusetts,2023,2023-24,96.9,2.02,False,CDC NIS-Child / MMWR SchoolVaxView
Michigan,2023,2023-24,94.3,2.32,True,CDC NIS-Child / MMWR SchoolVaxView
Minnesota,2023,2023-24,91.0,3.83,True,CDC NIS-Child / MMWR SchoolVaxView
Mississippi,2023,2023-24,99.2,0.35,False,CDC NIS-Child / MMWR SchoolVaxView
Missouri,2023,2023-24,99.5,0.17,False,CDC NIS-Child / MMWR SchoolVaxView
Montana,2023,2023-24,84.4,6.04,True,CDC NIS-Child / MMWR SchoolVaxView
Nebraska,2023,2023-24,93.0,3.33,True,CDC NIS-Child / MMWR SchoolVaxView
Nevada,2023,2023-24,88.0,5.35,True,CDC NIS-Child / MMWR SchoolVaxView
New Hampshire,2023,2023-24,94.9,1.88,True,CDC NIS-Child / MMWR SchoolVaxView
New Jersey,2023,2023-24,97.0,1.5,False,CDC NIS-Child / MMWR SchoolVaxView
New Mexico,2023,2023-24,94.7,1.67,True,CDC NIS-Child / MMWR SchoolVaxView
New York,2023,2023-24,97.6,0.89,False,CDC NIS-Child / MMWR SchoolVaxView
North Carolina,2023,2023-24,92.9,3.02,True,CDC NIS-Child / MMWR SchoolVaxView
North Dakota,2023,2023-24,93.5,2.18,True,CDC NIS-Child / MMWR SchoolVaxView
Ohio,2023,2023-24,94.1,2.56,True,CDC NIS-Child / MMWR SchoolVaxView
Oklahoma,2023,2023-24,94.5,2.52,True,CDC NIS-Child / MMWR SchoolVaxView
Oregon,2023,2023-24,87.2,5.25,True,CDC NIS-Child / MMWR SchoolVaxView
Pennsylvania,2023,2023-24,96.2,1.03,False,CDC NIS-Child / MMWR SchoolVaxView
Rhode Island,2023,2023-24,94.2,2.39,True,CDC NIS-Child / MMWR SchoolVaxView
South Carolina,2023,2023-24,93.8,2.11,True,CDC NIS-Child / MMWR SchoolVaxView
South Dakota,2023,2023-24,90.4,4.16,True,CDC NIS-Child / MMWR SchoolVaxView
Tennessee,2023,2023-24,93.0,3.0,True,CDC NIS-Child / MMWR SchoolVaxView
Texas,2023,2023-24,93.2,2.74,True,CDC NIS-Child / MMWR SchoolVaxView
Utah,2023,2023-24,86.3,5.34,True,CDC NIS-Child / MMWR SchoolVaxView
Vermont,2023,2023-24,93.3,2.53,True,CDC NIS-Child / MMWR SchoolVaxView
Virginia,2023,2023-24,96.4,1.36,False,CDC NIS-Child / MMWR SchoolVaxView
Washington,2023,2023-24,88.4,4.49,True,CDC NIS-Child / MMWR SchoolVaxView
West Virginia,2023,2023-24,99.3,0.02,False,CDC NIS-Child / MMWR SchoolVaxView
Wisconsin,2023,2023-24,92.6,2.81,True,CDC NIS-Child / MMWR SchoolVaxView
Wyoming,2023,2023-24,85.5,5.85,True,CDC NIS-Child / MMWR SchoolVaxView
District of Columbia,2023,2023-24,95.7,1.28,False,CDC NIS-Child / MMWR SchoolVaxView
Alabama,2024,2024-25,93.4,2.92,True,CDC NIS-Child / MMWR SchoolVaxView
Alaska,2024,2024-25,82.5,7.3,True,CDC NIS-Child / MMWR SchoolVaxView
Arizona,2024,2024-25,87.2,5.53,True,CDC NIS-Child / MMWR SchoolVaxView
Arkansas,2024,2024-25,98.4,0.51,False,CDC NIS-Child / MMWR SchoolVaxView
California,2024,2024-25,91.6,3.8,True,CDC NIS-Child / MMWR SchoolVaxView
Colorado,2024,2024-25,87.8,4.73,True,CDC NIS-Child / MMWR SchoolVaxView
Connecticut,2024,2024-25,97.4,0.97,False,CDC NIS-Child / MMWR SchoolVaxView
Delaware,2024,2024-25,89.3,3.99,True,CDC NIS-Child / MMWR SchoolVaxView
Florida,2024,2024-25,90.2,3.69,True,CDC NIS-Child / MMWR SchoolVaxView
Georgia,2024,2024-25,92.6,3.02,True,CDC NIS-Child / MMWR SchoolVaxView
Hawaii,2024,2024-25,96.6,1.07,False,CDC NIS-Child / MMWR SchoolVaxView
Idaho,2024,2024-25,81.0,7.54,True,CDC NIS-Child / MMWR SchoolVaxView
Illinois,2024,2024-25,92.6,3.17,True,CDC NIS-Child / MMWR SchoolVaxView
Indiana,2024,2024-25,89.9,4.16,True,CDC NIS-Child / MMWR SchoolVaxView
Iowa,2024,2024-25,93.1,2.9,True,CDC NIS-Child / MMWR SchoolVaxView
Kansas,2024,2024-25,93.4,3.37,True,CDC NIS-Child / MMWR SchoolVaxView
Kentucky,2024,2024-25,91.1,3.4,True,CDC NIS-Child / MMWR SchoolVaxView
Louisiana,2024,2024-25,91.1,3.38,True,CDC NIS-Child / MMWR SchoolVaxView
Maine,2024,2024-25,91.1,3.91,True,CDC NIS-Child / MMWR SchoolVaxView
Maryland,2024,2024-25,97.4,0.86,False,CDC NIS-Child / MMWR SchoolVaxView
Massachusetts,2024,2024-25,97.0,1.36,False,CDC NIS-Child / MMWR SchoolVaxView
Michigan,2024,2024-25,91.3,3.66,True,CDC NIS-Child / MMWR SchoolVaxView
Minnesota,2024,2024-25,93.2,2.26,True,CDC NIS-Child / MMWR SchoolVaxView
Mississippi,2024,2024-25,99.9,0.59,False,CDC NIS-Child / MMWR SchoolVaxView
Missouri,2024,2024-25,91.2,3.42,True,CDC NIS-Child / MMWR SchoolVaxView
Montana,2024,2024-25,83.6,6.64,True,CDC NIS-Child / MMWR SchoolVaxView
Nebraska,2024,2024-25,94.3,2.86,True,CDC NIS-Child / MMWR SchoolVaxView
Nevada,2024,2024-25,87.9,4.6,True,CDC NIS-Child / MMWR SchoolVaxView
New Hampshire,2024,2024-25,89.3,4.08,True,CDC NIS-Child / MMWR SchoolVaxView
New Jersey,2024,2024-25,96.8,1.82,False,CDC NIS-Child / MMWR SchoolVaxView
New Mexico,2024,2024-25,91.4,3.5,True,CDC NIS-Child / MMWR SchoolVaxView
New York,2024,2024-25,97.8,1.24,False,CDC NIS-Child / MMWR SchoolVaxView
North Carolina,2024,2024-25,99.0,0.23,False,CDC NIS-Child / MMWR SchoolVaxView
North Dakota,2024,2024-25,91.5,3.72,True,CDC NIS-Child / MMWR SchoolVaxView
Ohio,2024,2024-25,94.4,2.79,True,CDC NIS-Child / MMWR SchoolVaxView
Oklahoma,2024,2024-25,94.2,2.23,True,CDC NIS-Child / MMWR SchoolVaxView
Oregon,2024,2024-25,86.8,5.61,True,CDC NIS-Child / MMWR SchoolVaxView
Pennsylvania,2024,2024-25,96.4,1.57,False,CDC NIS-Child / MMWR SchoolVaxView
Rhode Island,2024,2024-25,95.4,2.2,False,CDC NIS-Child / MMWR SchoolVaxView
South Carolina,2024,2024-25,96.2,1.73,False,CDC NIS-Child / MMWR SchoolVaxView
South Dakota,2024,2024-25,92.3,3.13,True,CDC NIS-Child / MMWR SchoolVaxView
Tennessee,2024,2024-25,95.7,1.47,False,CDC NIS-Child / MMWR SchoolVaxView
Texas,2024,2024-25,93.6,2.43,True,CDC NIS-Child / MMWR SchoolVaxView
Utah,2024,2024-25,85.5,6.18,True,CDC NIS-Child / MMWR SchoolVaxView
Vermont,2024,2024-25,93.2,2.74,True,CDC NIS-Child / MMWR SchoolVaxView
Virginia,2024,2024-25,96.1,1.79,False,CDC NIS-Child / MMWR SchoolVaxView
Washington,2024,2024-25,88.3,5.32,True,CDC NIS-Child / MMWR SchoolVaxView
West Virginia,2024,2024-25,98.8,0.54,False,CDC NIS-Child / MMWR SchoolVaxView
Wisconsin,2024,2024-25,93.3,3.14,True,CDC NIS-Child / MMWR SchoolVaxView
Wyoming,2024,2024-25,84.5,6.3,True,CDC NIS-Child / MMWR SchoolVaxView
District of Columbia,2024,2024-25,94.2,2.37,True,CDC NIS-Child / MMWR SchoolVaxView
