,MVs_Wisconsin.USA_39.21_8_2,MVs_Wisconsin.USA_39.21_15,MVs_Wisconsin.USA_39.21_14,MVs_Wisconsin.USA_39.21_13,MVs_Wisconsin.USA_39.21_12,MVs_Wisconsin.USA_39.21_11,MVs_Wisconsin.USA_39.21_10,MVs_Wisconsin.USA_39.21_8_1,MVs_Wisconsin.USA_39.21_7,MVs_Wisconsin.USA_39.21_6,MVs_Wisconsin.USA_39.21_5,MVs_Wisconsin.USA_39.21_4,MVs_Wisconsin.USA_39.21_3,MVs_Wisconsin.USA_39.21_2,MVs_Wisconsin.USA_39.21,MVs_Wisconsin.USA_38.21,MVs_Wisconsin.USA_37.21_5,MVs_Wisconsin.USA_37.21_4,MVs_Wisconsin.USA_37.21_3,MVs_Wisconsin.USA_37.21_2,MVs_Wisconsin.USA_37.21,MVs_Wisconsin.USA_35.21,MVs_Virginia.USA_41.21,MVs_Virginia.USA_40.21_3,MVs_Virginia.USA_40.21_2,MVs_Virginia.USA_40.21,MVs_Virginia.USA_39.21_4,MVs_Virginia.USA_39.21_3,MVs_Virginia.USA_39.21_2,MVs_Virginia.USA_39.21,MVs_Virginia.USA_38.21,MVs_Virginia.USA_37.21_2,MVs_Virginia.USA_37.21,MVs_Virginia.USA_36.21_4,MVs_Virginia.USA_36.21_3,MVs_Virginia.USA_36.21_2,MVs_Virginia.USA_36.21,MVs_Virginia.USA_35.21_6,MVs_Virginia.USA_35.21_5,MVs_Virginia.USA_35.21_4,MVs_Virginia.USA_35.21,MVs_NewMexico.USA_38.21
MVs_Wisconsin.USA_39.21_8_2,0,0,0,0,2,1,1,0,2,1,1,2,1,0,1,0,1,4,2,1,0,2,106,106,106,3,106,2,106,1,2,106,2,37,106,3,2,5,2,2,106,1
MVs_Wisconsin.USA_39.21_15,0,0,0,0,2,1,1,0,2,1,1,2,1,0,1,0,1,4,2,1,0,2,106,106,106,3,106,2,106,1,2,106,2,37,106,3,2,5,2,2,106,1
MVs_Wisconsin.USA_39.21_14,0,0,0,0,2,1,1,0,2,1,1,2,1,0,1,0,1,4,2,1,0,2,106,106,106,3,106,2,106,1,2,106,2,37,106,3,2,5,2,2,106,1
MVs_Wisconsin.USA_39.21_13,0,0,0,0,2,1,1,0,2,1,1,2,1,0,1,0,1,4,2,1,0,2,106,106,106,3,106,2,106,1,2,106,2,37,106,3,2,5,2,2,106,1
MVs_Wisconsin.USA_39.21_12,2,2,2,2,0,1,3,2,2,1,1,2,3,2,1,2,1,4,2,1,2,2,106,106,106,3,106,2,106,1,2,106,2,37,106,3,2,5,2,2,106,3
MVs_Wisconsin.USA_39.21_11,1,1,1,1,1,0,2,1,1,0,0,1,2,1,0,1,0,3,1,0,1,1,105,105,105,2,105,1,105,0,1,105,1,36,105,2,1,4,1,1,105,2
MVs_Wisconsin.USA_39.21_10,1,1,1,1,3,2,0,1,3,2,2,3,2,1,2,1,2,5,3,2,1,3,107,107,107,4,107,3,107,2,3,107,3,38,107,4,3,6,3,3,107,1
MVs_Wisconsin.USA_39.21_8_1,0,0,0,0,2,1,1,0,2,1,1,2,1,0,1,0,1,4,2,1,0,2,106,106,106,3,106,2,106,1,2,106,2,37,106,3,2,5,2,2,106,1
MVs_Wisconsin.USA_39.21_7,2,2,2,2,2,1,3,2,0,1,1,2,3,2,1,2,1,4,2,1,2,2,106,106,106,3,106,2,106,1,2,106,2,37,106,3,2,5,2,2,106,3
MVs_Wisconsin.USA_39.21_6,1,1,1,1,1,0,2,1,1,0,0,1,2,1,0,1,0,3,1,0,1,1,105,105,105,2,105,1,105,0,1,105,1,36,105,2,1,4,1,1,105,2
MVs_Wisconsin.USA_39.21_5,1,1,1,1,1,0,2,1,1,0,0,1,2,1,0,1,0,3,1,0,1,1,105,105,105,2,105,1,105,0,1,105,1,36,105,2,1,4,1,1,105,2
MVs_Wisconsin.USA_39.21_4,2,2,2,2,2,1,3,2,2,1,1,0,3,2,1,2,1,4,2,1,2,2,106,106,106,3,106,2,106,1,2,106,2,37,106,3,2,5,2,2,106,3
MVs_Wisconsin.USA_39.21_3,1,1,1,1,3,2,2,1,3,2,2,3,0,1,2,1,2,5,3,2,1,3,107,107,107,4,107,3,107,2,3,107,3,38,107,4,3,6,3,3,107,2
MVs_Wisconsin.USA_39.21_2,0,0,0,0,2,1,1,0,2,1,1,2,1,0,1,0,1,4,2,1,0,2,106,106,106,3,106,2,106,1,2,106,2,37,106,3,2,5,2,2,106,1
MVs_Wisconsin.USA_39.21,1,1,1,1,1,0,2,1,1,0,0,1,2,1,0,1,0,3,1,0,1,1,105,105,105,2,105,1,105,0,1,105,1,36,105,2,1,4,1,1,105,2
MVs_Wisconsin.USA_38.21,0,0,0,0,2,1,1,0,2,1,1,2,1,0,1,0,1,4,2,1,0,2,106,106,106,3,106,2,106,1,2,106,2,37,106,3,2,5,2,2,106,0
MVs_Wisconsin.USA_37.21_5,1,1,1,1,1,0,2,1,1,0,0,1,2,1,0,1,0,3,1,0,1,1,105,105,105,2,105,1,105,0,1,105,1,36,105,2,1,4,1,1,105,1
MVs_Wisconsin.USA_37.21_4,4,4,4,4,4,3,5,4,4,3,3,4,5,4,3,4,3,0,4,3,4,2,106,106,106,3,106,2,106,3,2,106,2,37,106,3,2,5,2,2,106,5
MVs_Wisconsin.USA_37.21_3,2,2,2,2,2,1,3,2,2,1,1,2,3,2,1,2,1,4,0,1,2,2,106,106,106,3,106,2,106,1,2,106,2,37,106,3,2,5,2,2,106,3
MVs_Wisconsin.USA_37.21_2,1,1,1,1,1,0,2,1,1,0,0,1,2,1,0,1,0,3,1,0,1,1,105,105,105,2,105,1,105,0,1,105,1,36,105,2,1,4,1,1,105,2
MVs_Wisconsin.USA_37.21,0,0,0,0,2,1,1,0,2,1,1,2,1,0,1,0,1,4,2,1,0,2,106,106,106,3,106,2,106,1,2,106,2,37,106,3,2,5,2,2,106,1
MVs_Wisconsin.USA_35.21,2,2,2,2,2,1,3,2,2,1,1,2,3,2,1,2,1,2,2,1,2,0,104,104,104,1,104,0,104,1,0,104,0,35,104,1,0,3,0,0,104,3
MVs_Virginia.USA_41.21,106,106,106,106,106,105,107,106,106,105,105,106,107,106,105,106,105,106,106,105,106,104,0,0,0,105,0,104,0,105,104,0,104,100,0,105,104,107,104,104,0,106
MVs_Virginia.USA_40.21_3,106,106,106,106,106,105,107,106,106,105,105,106,107,106,105,106,105,106,106,105,106,104,0,0,0,105,0,104,0,105,104,0,104,100,0,105,104,107,104,104,0,107
MVs_Virginia.USA_40.21_2,106,106,106,106,106,105,107,106,106,105,105,106,107,106,105,106,105,106,106,105,106,104,0,0,0,105,0,104,0,105,104,0,104,100,0,105,104,107,104,104,0,107
MVs_Virginia.USA_40.21,3,3,3,3,3,2,4,3,3,2,2,3,4,3,2,3,2,3,3,2,3,1,105,105,105,0,105,1,105,2,1,105,1,36,105,2,1,4,1,1,105,4
MVs_Virginia.USA_39.21_4,106,106,106,106,106,105,107,106,106,105,105,106,107,106,105,106,105,106,106,105,106,104,0,0,0,105,0,104,0,105,104,0,104,100,0,105,104,107,104,104,0,107
MVs_Virginia.USA_39.21_3,2,2,2,2,2,1,3,2,2,1,1,2,3,2,1,2,1,2,2,1,2,0,104,104,104,1,104,0,104,1,0,104,0,35,104,1,0,3,0,0,104,3
MVs_Virginia.USA_39.21_2,106,106,106,106,106,105,107,106,106,105,105,106,107,106,105,106,105,106,106,105,106,104,0,0,0,105,0,104,0,105,104,0,104,100,0,105,104,107,104,104,0,106
MVs_Virginia.USA_39.21,1,1,1,1,1,0,2,1,1,0,0,1,2,1,0,1,0,3,1,0,1,1,105,105,105,2,105,1,105,0,1,105,1,36,105,2,1,4,1,1,105,2
MVs_Virginia.USA_38.21,2,2,2,2,2,1,3,2,2,1,1,2,3,2,1,2,1,2,2,1,2,0,104,104,104,1,104,0,104,1,0,104,0,35,104,1,0,3,0,0,104,3
MVs_Virginia.USA_37.21_2,106,106,106,106,106,105,107,106,106,105,105,106,107,106,105,106,105,106,106,105,106,104,0,0,0,105,0,104,0,105,104,0,104,100,0,105,104,107,104,104,0,107
MVs_Virginia.USA_37.21,2,2,2,2,2,1,3,2,2,1,1,2,3,2,1,2,1,2,2,1,2,0,104,104,104,1,104,0,104,1,0,104,0,35,104,1,0,3,0,0,104,3
MVs_Virginia.USA_36.21_4,37,37,37,37,37,36,38,37,37,36,36,37,38,37,36,37,36,37,37,36,37,35,100,100,100,36,100,35,100,36,35,100,35,0,100,36,35,38,35,35,100,38
MVs_Virginia.USA_36.21_3,106,106,106,106,106,105,107,106,106,105,105,106,107,106,105,106,105,106,106,105,106,104,0,0,0,105,0,104,0,105,104,0,104,100,0,105,104,107,104,104,0,107
MVs_Virginia.USA_36.21_2,3,3,3,3,3,2,4,3,3,2,2,3,4,3,2,3,2,3,3,2,3,1,105,105,105,2,105,1,105,2,1,105,1,36,105,0,1,4,1,1,105,4
MVs_Virginia.USA_36.21,2,2,2,2,2,1,3,2,2,1,1,2,3,2,1,2,1,2,2,1,2,0,104,104,104,1,104,0,104,1,0,104,0,35,104,1,0,3,0,0,104,3
MVs_Virginia.USA_35.21_6,5,5,5,5,5,4,6,5,5,4,4,5,6,5,4,5,4,5,5,4,5,3,107,107,107,4,107,3,107,4,3,107,3,38,107,4,3,0,3,3,107,6
MVs_Virginia.USA_35.21_5,2,2,2,2,2,1,3,2,2,1,1,2,3,2,1,2,1,2,2,1,2,0,104,104,104,1,104,0,104,1,0,104,0,35,104,1,0,3,0,0,104,2
MVs_Virginia.USA_35.21_4,2,2,2,2,2,1,3,2,2,1,1,2,3,2,1,2,1,2,2,1,2,0,104,104,104,1,104,0,104,1,0,104,0,35,104,1,0,3,0,0,104,3
MVs_Virginia.USA_35.21,106,106,106,106,106,105,107,106,106,105,105,106,107,106,105,106,105,106,106,105,106,104,0,0,0,105,0,104,0,105,104,0,104,100,0,105,104,107,104,104,0,107
MVs_NewMexico.USA_38.21,1,1,1,1,3,2,1,1,3,2,2,3,2,1,2,0,1,5,3,2,1,3,106,107,107,4,107,3,106,2,3,107,3,38,107,4,3,6,2,3,107,0
