date,measles,measles_rash,measles_symptoms,MMR_vaccine,source
2019-01-06,22,10,19,5,synthetic_proxy
2019-01-13,19,7,17,0,synthetic_proxy
2019-01-20,23,16,18,13,synthetic_proxy
2019-01-27,27,22,18,26,synthetic_proxy
2019-02-03,18,7,13,9,synthetic_proxy
2019-02-10,18,12,16,13,synthetic_proxy
2019-02-17,27,14,17,14,synthetic_proxy
2019-02-24,23,12,17,11,synthetic_proxy
2019-03-03,17,8,11,13,synthetic_proxy
2019-03-10,58,32,40,27,synthetic_proxy
2019-03-17,40,24,32,21,synthetic_proxy
2019-03-24,71,40,50,37,synthetic_proxy
2019-03-31,60,36,42,26,synthetic_proxy
2019-04-07,62,37,39,36,synthetic_proxy
2019-04-14,35,20,27,16,synthetic_proxy
2019-04-21,51,27,37,21,synthetic_proxy
2019-04-28,54,31,44,30,synthetic_proxy
2019-05-05,62,39,42,26,synthetic_proxy
2019-05-12,50,32,36,25,synthetic_proxy
2019-05-19,59,32,42,29,synthetic_proxy
2019-05-26,56,34,44,33,synthetic_proxy
2019-06-02,57,36,39,31,synthetic_proxy
2019-06-09,61,31,43,30,synthetic_proxy
2019-06-16,58,36,42,33,synthetic_proxy
2019-06-23,64,36,45,39,synthetic_proxy
2019-06-30,49,31,33,27,synthetic_proxy
2019-07-07,38,21,27,19,synthetic_proxy
2019-07-14,74,39,55,30,synthetic_proxy
2019-07-21,60,31,39,24,synthetic_proxy
2019-07-28,51,30,36,24,synthetic_proxy
2019-08-04,16,10,9,5,synthetic_proxy
2019-08-11,29,14,24,13,synthetic_proxy
2019-08-18,19,13,9,10,synthetic_proxy
2019-08-25,14,3,8,10,synthetic_proxy
2019-09-01,24,14,18,11,synthetic_proxy
2019-09-08,13,4,14,9,synthetic_proxy
2019-09-15,21,10,14,10,synthetic_proxy
2019-09-22,10,6,5,0,synthetic_proxy
2019-09-29,13,5,14,1,synthetic_proxy
2019-10-06,20,11,10,9,synthetic_proxy
2019-10-13,23,17,9,5,synthetic_proxy
2019-10-20,20,10,15,13,synthetic_proxy
2019-10-27,19,14,12,17,synthetic_proxy
2019-11-03,18,7,9,15,synthetic_proxy
2019-11-10,12,9,10,5,synthetic_proxy
2019-11-17,16,14,12,15,synthetic_proxy
2019-11-24,17,3,10,9,synthetic_proxy
2019-12-01,25,12,13,10,synthetic_proxy
2019-12-08,21,14,17,7,synthetic_proxy
2019-12-15,11,6,9,4,synthetic_proxy
2019-12-22,21,14,14,8,synthetic_proxy
2019-12-29,18,9,18,9,synthetic_proxy
2020-01-05,16,10,8,9,synthetic_proxy
2020-01-12,23,13,11,11,synthetic_proxy
2020-01-19,25,18,15,14,synthetic_proxy
2020-01-26,24,15,17,18,synthetic_proxy
2020-02-02,15,10,11,12,synthetic_proxy
2020-02-09,18,9,12,1,synthetic_proxy
2020-02-16,21,11,16,0,synthetic_proxy
2020-02-23,24,13,13,17,synthetic_proxy
2020-03-01,17,11,16,1,synthetic_proxy
2020-03-08,19,10,13,8,synthetic_proxy
2020-03-15,14,9,13,1,synthetic_proxy
2020-03-22,14,14,10,0,synthetic_proxy
2020-03-29,24,17,18,14,synthetic_proxy
2020-04-05,26,15,20,17,synthetic_proxy
2020-04-12,19,15,15,6,synthetic_proxy
2020-04-19,25,13,19,0,synthetic_proxy
2020-04-26,21,6,19,8,synthetic_proxy
2020-05-03,16,7,12,10,synthetic_proxy
2020-05-10,21,7,17,3,synthetic_proxy
2020-05-17,27,15,19,14,synthetic_proxy
2020-05-24,19,11,18,9,synthetic_proxy
2020-05-31,27,21,17,16,synthetic_proxy
2020-06-07,6,5,10,4,synthetic_proxy
2020-06-14,24,13,16,7,synthetic_proxy
2020-06-21,20,14,10,16,synthetic_proxy
2020-06-28,18,4,13,8,synthetic_proxy
2020-07-05,20,12,12,10,synthetic_proxy
2020-07-12,10,8,9,0,synthetic_proxy
2020-07-19,18,6,11,7,synthetic_proxy
2020-07-26,21,16,13,6,synthetic_proxy
2020-08-02,27,17,13,12,synthetic_proxy
2020-08-09,17,9,10,17,synthetic_proxy
2020-08-16,15,11,3,1,synthetic_proxy
2020-08-23,17,17,7,0,synthetic_proxy
2020-08-30,24,15,19,19,synthetic_proxy
2020-09-06,21,13,17,9,synthetic_proxy
2020-09-13,17,9,13,5,synthetic_proxy
2020-09-20,22,10,12,16,synthetic_proxy
2020-09-27,20,14,14,7,synthetic_proxy
2020-10-04,24,12,17,21,synthetic_proxy
2020-10-11,16,10,8,11,synthetic_proxy
2020-10-18,18,9,17,6,synthetic_proxy
2020-10-25,18,12,15,19,synthetic_proxy
2020-11-01,12,8,8,3,synthetic_proxy
2020-11-08,21,16,15,14,synthetic_proxy
2020-11-15,21,11,15,12,synthetic_proxy
2020-11-22,20,11,7,16,synthetic_proxy
2020-11-29,18,8,12,17,synthetic_proxy
2020-12-06,12,6,7,6,synthetic_proxy
2020-12-13,17,11,9,5,synthetic_proxy
2020-12-20,18,13,11,11,synthetic_proxy
2020-12-27,15,6,16,4,synthetic_proxy
2021-01-03,19,14,15,19,synthetic_proxy
2021-01-10,22,17,13,11,synthetic_proxy
2021-01-17,29,18,22,12,synthetic_proxy
2021-01-24,20,18,18,11,synthetic_proxy
2021-01-31,21,10,17,3,synthetic_proxy
2021-02-07,19,8,13,4,synthetic_proxy
2021-02-14,10,0,5,11,synthetic_proxy
2021-02-21,19,16,16,6,synthetic_proxy
2021-02-28,20,14,15,4,synthetic_proxy
2021-03-07,32,19,25,18,synthetic_proxy
2021-03-14,19,12,15,15,synthetic_proxy
2021-03-21,21,9,18,14,synthetic_proxy
2021-03-28,19,19,12,14,synthetic_proxy
2021-04-04,14,8,13,3,synthetic_proxy
2021-04-11,25,15,18,5,synthetic_proxy
2021-04-18,23,16,22,19,synthetic_proxy
2021-04-25,23,15,14,10,synthetic_proxy
2021-05-02,15,9,16,6,synthetic_proxy
2021-05-09,27,13,19,20,synthetic_proxy
2021-05-16,12,9,7,9,synthetic_proxy
2021-05-23,22,19,14,13,synthetic_proxy
2021-05-30,30,22,20,26,synthetic_proxy
2021-06-06,15,13,11,4,synthetic_proxy
2021-06-13,17,8,13,13,synthetic_proxy
2021-06-20,20,9,12,10,synthetic_proxy
2021-06-27,17,10,12,10,synthetic_proxy
2021-07-04,12,7,14,13,synthetic_proxy
2021-07-11,20,15,19,12,synthetic_proxy
2021-07-18,14,3,11,10,synthetic_proxy
2021-07-25,22,18,15,16,synthetic_proxy
2021-08-01,15,8,11,5,synthetic_proxy
2021-08-08,27,15,21,9,synthetic_proxy
2021-08-15,16,6,8,2,synthetic_proxy
2021-08-22,18,6,12,0,synthetic_proxy
2021-08-29,24,16,11,22,synthetic_proxy
2021-09-05,13,8,10,1,synthetic_proxy
2021-09-12,21,8,16,9,synthetic_proxy
2021-09-19,26,12,17,11,synthetic_proxy
2021-09-26,11,6,13,7,synthetic_proxy
2021-10-03,20,17,10,14,synthetic_proxy
2021-10-10,21,12,10,14,synthetic_proxy
2021-10-17,23,9,17,9,synthetic_proxy
2021-10-24,13,7,12,6,synthetic_proxy
2021-10-31,13,7,14,8,synthetic_proxy
2021-11-07,22,5,14,10,synthetic_proxy
2021-11-14,21,12,18,18,synthetic_proxy
2021-11-21,21,12,14,13,synthetic_proxy
2021-11-28,21,15,14,14,synthetic_proxy
2021-12-05,16,15,14,11,synthetic_proxy
2021-12-12,21,16,16,16,synthetic_proxy
2021-12-19,21,12,10,11,synthetic_proxy
2021-12-26,16,6,15,1,synthetic_proxy
2022-01-02,29,25,24,16,synthetic_proxy
2022-01-09,22,13,13,7,synthetic_proxy
2022-01-16,14,8,11,4,synthetic_proxy
2022-01-23,23,13,17,14,synthetic_proxy
2022-01-30,15,9,11,13,synthetic_proxy
2022-02-06,23,13,15,12,synthetic_proxy
2022-02-13,25,13,16,14,synthetic_proxy
2022-02-20,15,7,11,16,synthetic_proxy
2022-02-27,24,14,20,13,synthetic_proxy
2022-03-06,22,11,17,24,synthetic_proxy
2022-03-13,24,12,15,14,synthetic_proxy
2022-03-20,29,18,22,5,synthetic_proxy
2022-03-27,18,10,4,13,synthetic_proxy
2022-04-03,16,14,14,10,synthetic_proxy
2022-04-10,15,1,5,14,synthetic_proxy
2022-04-17,15,12,10,11,synthetic_proxy
2022-04-24,19,15,10,9,synthetic_proxy
2022-05-01,21,6,11,4,synthetic_proxy
2022-05-08,21,11,18,9,synthetic_proxy
2022-05-15,24,13,15,7,synthetic_proxy
2022-05-22,20,7,15,7,synthetic_proxy
2022-05-29,27,14,18,16,synthetic_proxy
2022-06-05,18,7,14,17,synthetic_proxy
2022-06-12,33,25,23,18,synthetic_proxy
2022-06-19,23,16,12,5,synthetic_proxy
2022-06-26,15,13,13,10,synthetic_proxy
2022-07-03,14,10,8,13,synthetic_proxy
2022-07-10,22,10,11,8,synthetic_proxy
2022-07-17,18,9,11,8,synthetic_proxy
2022-07-24,23,15,21,11,synthetic_proxy
2022-07-31,22,9,18,7,synthetic_proxy
2022-08-07,19,13,12,13,synthetic_proxy
2022-08-14,15,8,9,7,synthetic_proxy
2022-08-21,12,6,7,8,synthetic_proxy
2022-08-28,17,12,18,4,synthetic_proxy
2022-09-04,24,15,18,9,synthetic_proxy
2022-09-11,21,11,16,14,synthetic_proxy
2022-09-18,13,11,12,5,synthetic_proxy
2022-09-25,20,9,15,19,synthetic_proxy
2022-10-02,21,15,14,8,synthetic_proxy
2022-10-09,15,11,10,8,synthetic_proxy
2022-10-16,20,11,14,15,synthetic_proxy
2022-10-23,20,13,14,3,synthetic_proxy
2022-10-30,14,4,12,0,synthetic_proxy
2022-11-06,21,15,15,3,synthetic_proxy
2022-11-13,22,13,18,17,synthetic_proxy
2022-11-20,25,13,17,9,synthetic_proxy
2022-11-27,25,18,17,25,synthetic_proxy
2022-12-04,13,5,3,3,synthetic_proxy
2022-12-11,15,4,13,8,synthetic_proxy
2022-12-18,22,8,16,18,synthetic_proxy
2022-12-25,22,15,18,21,synthetic_proxy
2023-01-01,22,9,7,21,synthetic_proxy
2023-01-08,39,28,33,25,synthetic_proxy
2023-01-15,22,7,15,16,synthetic_proxy
2023-01-22,25,20,21,15,synthetic_proxy
2023-01-29,24,15,14,16,synthetic_proxy
2023-02-05,23,13,18,8,synthetic_proxy
2023-02-12,18,9,9,5,synthetic_proxy
2023-02-19,23,15,14,11,synthetic_proxy
2023-02-26,16,9,17,7,synthetic_proxy
2023-03-05,18,14,12,7,synthetic_proxy
2023-03-12,17,10,12,12,synthetic_proxy
2023-03-19,20,12,16,14,synthetic_proxy
2023-03-26,31,17,23,16,synthetic_proxy
2023-04-02,10,6,7,12,synthetic_proxy
2023-04-09,23,14,17,6,synthetic_proxy
2023-04-16,11,2,15,4,synthetic_proxy
2023-04-23,17,6,12,5,synthetic_proxy
2023-04-30,25,17,18,3,synthetic_proxy
2023-05-07,20,12,17,9,synthetic_proxy
2023-05-14,14,8,13,6,synthetic_proxy
2023-05-21,16,9,15,15,synthetic_proxy
2023-05-28,23,15,18,14,synthetic_proxy
2023-06-04,16,8,8,3,synthetic_proxy
2023-06-11,21,10,19,19,synthetic_proxy
2023-06-18,20,12,10,16,synthetic_proxy
2023-06-25,16,7,12,11,synthetic_proxy
2023-07-02,30,19,19,14,synthetic_proxy
2023-07-09,23,8,16,6,synthetic_proxy
2023-07-16,9,9,7,3,synthetic_proxy
2023-07-23,20,13,15,15,synthetic_proxy
2023-07-30,16,10,12,17,synthetic_proxy
2023-08-06,24,17,21,19,synthetic_proxy
2023-08-13,16,14,12,5,synthetic_proxy
2023-08-20,19,14,12,4,synthetic_proxy
2023-08-27,22,7,18,11,synthetic_proxy
2023-09-03,24,10,20,3,synthetic_proxy
2023-09-10,13,6,6,8,synthetic_proxy
2023-09-17,18,11,14,8,synthetic_proxy
2023-09-24,17,12,14,6,synthetic_proxy
2023-10-01,16,7,10,0,synthetic_proxy
2023-10-08,28,17,24,16,synthetic_proxy
2023-10-15,22,10,14,8,synthetic_proxy
2023-10-22,13,6,9,0,synthetic_proxy
2023-10-29,24,10,16,0,synthetic_proxy
2023-11-05,30,15,21,15,synthetic_proxy
2023-11-12,25,11,14,21,synthetic_proxy
2023-11-19,12,4,4,14,synthetic_proxy
2023-11-26,17,13,17,6,synthetic_proxy
2023-12-03,26,12,15,10,synthetic_proxy
2023-12-10,16,17,8,10,synthetic_proxy
2023-12-17,22,14,9,6,synthetic_proxy
2023-12-24,23,14,14,13,synthetic_proxy
2023-12-31,15,6,6,11,synthetic_proxy
2024-01-07,19,13,18,15,synthetic_proxy
2024-01-14,3,0,5,1,synthetic_proxy
2024-01-21,14,9,8,6,synthetic_proxy
2024-01-28,18,18,19,4,synthetic_proxy
2024-02-04,13,7,12,2,synthetic_proxy
2024-02-11,28,20,18,12,synthetic_proxy
2024-02-18,12,5,1,8,synthetic_proxy
2024-02-25,17,10,19,13,synthetic_proxy
2024-03-03,20,17,10,6,synthetic_proxy
2024-03-10,27,14,14,21,synthetic_proxy
2024-03-17,12,13,12,5,synthetic_proxy
2024-03-24,25,17,25,12,synthetic_proxy
2024-03-31,20,10,18,6,synthetic_proxy
2024-04-07,15,10,12,0,synthetic_proxy
2024-04-14,22,16,17,15,synthetic_proxy
2024-04-21,20,14,17,14,synthetic_proxy
2024-04-28,16,5,14,7,synthetic_proxy
2024-05-05,20,10,15,10,synthetic_proxy
2024-05-12,18,10,12,11,synthetic_proxy
2024-05-19,20,12,14,2,synthetic_proxy
2024-05-26,23,15,14,9,synthetic_proxy
2024-06-02,27,17,18,17,synthetic_proxy
2024-06-09,13,4,4,0,synthetic_proxy
2024-06-16,30,19,21,16,synthetic_proxy
2024-06-23,10,7,4,0,synthetic_proxy
2024-06-30,19,13,10,11,synthetic_proxy
2024-07-07,22,17,16,11,synthetic_proxy
2024-07-14,21,15,19,2,synthetic_proxy
2024-07-21,16,11,14,14,synthetic_proxy
2024-07-28,18,11,8,5,synthetic_proxy
2024-08-04,17,5,9,4,synthetic_proxy
2024-08-11,17,11,14,9,synthetic_proxy
2024-08-18,24,15,14,17,synthetic_proxy
2024-08-25,21,13,14,5,synthetic_proxy
2024-09-01,16,6,13,8,synthetic_proxy
2024-09-08,24,11,14,14,synthetic_proxy
2024-09-15,21,16,15,14,synthetic_proxy
2024-09-22,24,14,12,12,synthetic_proxy
2024-09-29,23,15,14,9,synthetic_proxy
2024-10-06,15,9,12,3,synthetic_proxy
2024-10-13,17,10,7,9,synthetic_proxy
2024-10-20,23,17,17,6,synthetic_proxy
2024-10-27,23,12,16,0,synthetic_proxy
2024-11-03,19,12,15,12,synthetic_proxy
2024-11-10,20,10,15,14,synthetic_proxy
2024-11-17,26,14,22,1,synthetic_proxy
2024-11-24,17,9,12,3,synthetic_proxy
2024-12-01,22,14,14,14,synthetic_proxy
2024-12-08,18,9,13,19,synthetic_proxy
2024-12-15,18,15,14,9,synthetic_proxy
2024-12-22,25,12,17,9,synthetic_proxy
2024-12-29,24,13,17,11,synthetic_proxy
2025-01-05,71,41,47,42,synthetic_proxy
2025-01-12,62,41,41,27,synthetic_proxy
2025-01-19,64,39,40,28,synthetic_proxy
2025-01-26,58,38,46,27,synthetic_proxy
2025-02-02,69,37,45,30,synthetic_proxy
2025-02-09,70,43,47,35,synthetic_proxy
2025-02-16,52,34,34,34,synthetic_proxy
2025-02-23,63,38,46,33,synthetic_proxy
2025-03-02,63,41,43,30,synthetic_proxy
2025-03-09,61,35,47,29,synthetic_proxy
2025-03-16,57,38,38,21,synthetic_proxy
2025-03-23,55,40,39,32,synthetic_proxy
2025-03-30,57,33,37,28,synthetic_proxy
2025-04-06,46,26,39,22,synthetic_proxy
2025-04-13,49,34,31,40,synthetic_proxy
2025-04-20,41,29,30,22,synthetic_proxy
2025-04-27,55,32,41,24,synthetic_proxy
2025-05-04,60,35,43,28,synthetic_proxy
2025-05-11,62,36,43,37,synthetic_proxy
2025-05-18,55,29,38,28,synthetic_proxy
2025-05-25,64,36,45,25,synthetic_proxy
2025-06-01,48,26,33,29,synthetic_proxy
2025-06-08,40,22,31,16,synthetic_proxy
2025-06-15,50,30,41,34,synthetic_proxy
2025-06-22,56,34,37,33,synthetic_proxy
2025-06-29,56,38,35,26,synthetic_proxy
2025-07-06,35,18,24,24,synthetic_proxy
2025-07-13,50,33,42,25,synthetic_proxy
2025-07-20,45,26,29,27,synthetic_proxy
2025-07-27,61,36,48,33,synthetic_proxy
2025-08-03,55,35,43,23,synthetic_proxy
2025-08-10,45,23,29,19,synthetic_proxy
2025-08-17,52,32,38,31,synthetic_proxy
2025-08-24,39,24,32,17,synthetic_proxy
2025-08-31,47,29,32,21,synthetic_proxy
2025-09-07,59,36,40,24,synthetic_proxy
2025-09-14,46,34,30,25,synthetic_proxy
2025-09-21,60,34,39,40,synthetic_proxy
2025-09-28,58,33,38,23,synthetic_proxy
2025-10-05,52,29,33,26,synthetic_proxy
2025-10-12,53,30,37,33,synthetic_proxy
2025-10-19,46,26,30,22,synthetic_proxy
2025-10-26,45,30,32,25,synthetic_proxy
2025-11-02,45,31,27,17,synthetic_proxy
2025-11-09,69,39,49,36,synthetic_proxy
2025-11-16,56,31,42,27,synthetic_proxy
2025-11-23,45,28,25,27,synthetic_proxy
2025-11-30,59,33,42,35,synthetic_proxy
2025-12-07,61,38,46,43,synthetic_proxy
2025-12-14,52,32,33,29,synthetic_proxy
2025-12-21,61,32,48,32,synthetic_proxy
2025-12-28,64,43,46,33,synthetic_proxy
2026-01-04,57,40,38,27,synthetic_proxy
2026-01-11,60,34,42,31,synthetic_proxy
2026-01-18,62,36,45,29,synthetic_proxy
2026-01-25,42,26,29,22,synthetic_proxy
2026-02-01,45,28,33,29,synthetic_proxy
2026-02-08,78,49,52,34,synthetic_proxy
2026-02-15,83,56,59,47,synthetic_proxy
2026-02-22,69,41,44,41,synthetic_proxy
2026-03-01,75,42,52,37,synthetic_proxy
2026-03-08,78,43,52,28,synthetic_proxy
2026-03-15,91,52,62,42,synthetic_proxy
2026-03-22,80,48,60,46,synthetic_proxy
2026-03-29,64,44,48,32,synthetic_proxy
2026-04-05,66,38,48,28,synthetic_proxy
2026-04-12,44,27,28,19,synthetic_proxy
2026-04-19,62,37,43,35,synthetic_proxy
2026-04-26,54,36,41,29,synthetic_proxy
2026-05-03,40,31,28,18,synthetic_proxy
2026-05-10,55,31,46,26,synthetic_proxy
2026-05-17,50,28,36,23,synthetic_proxy
2026-05-24,82,52,58,36,synthetic_proxy
2026-05-31,75,47,51,45,synthetic_proxy
2026-06-07,74,50,52,35,synthetic_proxy
2026-06-14,84,52,58,48,synthetic_proxy
2026-06-21,62,36,46,39,synthetic_proxy
2026-06-28,51,32,39,30,synthetic_proxy
2026-07-05,82,52,55,39,synthetic_proxy
2026-07-12,63,40,40,33,synthetic_proxy
2026-07-19,63,39,39,31,synthetic_proxy
2026-07-26,68,44,49,29,synthetic_proxy
