,MVs_Virginia.USA_39.21_4_N450,MVs_Virginia.USA_40.21_3_N450,MVs_Virginia.USA_40.21_2_N450,MVs_Virginia.USA_39.21_3_N450,MVs_Virginia.USA_40.21_N450,MVs_Virginia.USA_39.21_2_N450,MVs_Virginia.USA_39.21_N450,MVs_Wisconsin.USA_39.21_11_N450,MVs_Wisconsin.USA_39.21_10_N450,MVs_Wisconsin.USA_38.21_N450,MVs_Virginia.USA_35.21_N450,MVs_Virginia.USA_36.21_4_N450,MVs_Virginia.USA_36.21_2_N450,MVs_Virginia.USA_36.21_N450
MVs_Virginia.USA_39.21_4_N450,0,0,0,7,7,0,7,7,7,7,0,6,7,7
MVs_Virginia.USA_40.21_3_N450,0,0,0,7,7,0,7,7,7,7,0,6,7,7
MVs_Virginia.USA_40.21_2_N450,0,0,0,7,7,0,7,7,7,7,0,6,7,7
MVs_Virginia.USA_39.21_3_N450,7,7,7,0,0,7,0,0,0,0,7,3,0,0
MVs_Virginia.USA_40.21_N450,7,7,7,0,0,7,0,0,0,0,7,3,0,0
MVs_Virginia.USA_39.21_2_N450,0,0,0,7,7,0,7,7,7,7,0,6,7,7
MVs_Virginia.USA_39.21_N450,7,7,7,0,0,7,0,0,0,0,7,3,0,0
MVs_Wisconsin.USA_39.21_11_N450,7,7,7,0,0,7,0,0,0,0,7,3,0,0
MVs_Wisconsin.USA_39.21_10_N450,7,7,7,0,0,7,0,0,0,0,7,3,0,0
MVs_Wisconsin.USA_38.21_N450,7,7,7,0,0,7,0,0,0,0,7,3,0,0
MVs_Virginia.USA_35.21_N450,0,0,0,7,7,0,7,7,7,7,0,6,7,7
MVs_Virginia.USA_36.21_4_N450,6,6,6,3,3,6,3,3,3,3,6,0,3,3
MVs_Virginia.USA_36.21_2_N450,7,7,7,0,0,7,0,0,0,0,7,3,0,0
MVs_Virginia.USA_36.21_N450,7,7,7,0,0,7,0,0,0,0,7,3,0,0
